sexo,edad,nivel_esc,lenguaje,palabras_n,contactos_n,sostenimiento,experiencia,p1
2,31,2,1,55,242,0,0,2
2,34,2,1,13,60,0,0,1
2,31,2,1,173,296,1,1,3
2,35,1,1,168,500,1,0,3
1,35,1,0,14,500,1,1,3
1,35,1,0,80,2019,1,1,3
1,34,1,1,139,311,1,1,3
1,31,1,1,81,103,1,1,4
2,31,1,1,106,467,1,0,3
2,33,2,1,61,500,1,0,3
2,33,1,1,242,500,1,1,3
2,31,1,1,90,421,1,1,3
2,35,1,1,44,221,1,0,3
1,39,1,1,125,500,0,0,3
1,29,2,1,117,246,0,1,2
2,31,1,1,161,500,0,1,3
2,30,2,1,453,404,1,0,3
1,35,1,1,352,500,0,1,3
2,31,2,0,6,94,0,0,3
1,32,2,1,145,500,0,0,2
1,33,2,1,526,500,0,1,4
2,32,2,1,159,500,0,0,3
1,35,2,0,384,93,0,1,2
1,32,2,0,75,323,0,1,2
2,31,2,0,7,500,0,0,1
2,34,2,1,367,500,0,0,2
1,33,2,1,122,424,0,0,2
1,33,1,1,66,137,0,1,3
1,36,2,1,43,500,0,0,2
1,31,1,1,14,156,0,0,2
1,29,2,1,174,328,0,0,3
1,31,2,1,123,601,0,1,3
1,34,1,0,8,592,0,0,2
2,33,1,0,136,173,0,0,3
2,36,2,1,76,575,0,1,3
1,33,1,1,37,215,0,1,3
2,35,2,1,55,37,1,0,2
1,30,1,1,21,170,1,0,2
2,31,2,1,229,477,1,1,3
2,35,2,1,96,198,1,1,3
1,35,2,1,100,192,1,1,3
2,31,2,1,37,234,1,1,3
1,35,1,1,13,168,1,0,3
1,36,2,1,133,277,1,0,2
2,35,2,1,485,200,1,0,3
2,36,1,1,153,500,1,1,4
1,36,2,1,183,500,1,1,3
1,31,2,1,47,500,1,0,2
1,40,2,1,389,500,1,0,4
2,34,2,1,131,244,1,0,1
2,33,1,1,89,88,1,0,3
1,31,2,1,170,17,1,0,2
2,32,2,1,158,259,0,0,2
2,33,1,1,314,500,0,1,5
2,30,2,1,54,25,0,0,1
2,31,2,1,76,137,0,1,3
1,31,2,1,66,346,0,1,2
2,33,2,0,37,193,0,0,1
1,31,2,0,196,276,0,1,3
1,30,2,1,29,242,0,0,1
2,30,1,1,50,256,0,0,1
1,30,2,0,46,15,0,0,2
2,31,2,1,19,397,0,0,2
2,32,2,1,269,500,0,1,3
1,28,2,1,19,145,0,0,1
1,31,2,1,154,500,0,1,3
1,33,2,1,41,130,0,1,3
2,33,2,0,9,167,1,0,2
2,34,1,1,132,500,0,0,2
2,36,2,0,5,500,1,0,1
2,31,1,1,87,500,0,0,3
2,36,2,1,85,500,1,0,1
1,30,1,1,92,164,0,0,3
2,30,2,1,21,500,0,0,1
2,34,2,1,82,49,0,0,2
1,35,2,1,92,204,1,0,2
1,33,1,1,94,169,1,0,2
2,34,1,1,43,344,1,0,1
2,34,1,1,48,500,1,1,3
2,31,2,1,25,500,0,0,2
1,35,2,1,14,379,0,0,1
2,35,2,0,30,321,1,0,2
1,36,2,1,91,500,0,0,3
1,34,2,1,47,259,1,1,2
2,35,2,1,55,500,0,1,5
2,35,1,1,21,167,1,1,2
2,34,2,1,46,500,1,1,3
1,36,1,1,67,500,1,1,3
1,31,2,1,40,139,0,0,3
1,34,1,0,27,500,1,0,3
1,35,2,1,12,500,1,0,1
2,32,1,1,26,263,0,0,3
1,34,2,0,97,500,0,1,3
2,34,2,1,18,423,0,0,1
2,35,2,1,43,438,0,1,3
1,34,2,1,56,500,0,0,2
1,37,2,1,30,209,0,0,3
2,36,2,0,26,452,0,0,3
2,33,2,0,16,180,1,1,2
2,33,2,1,23,260,0,1,3
2,34,2,1,28,500,0,0,1
2,36,2,1,47,486,1,0,3
2,32,2,1,61,500,0,0,3
2,31,2,1,51,500,0,0,2
1,33,1,1,29,467,0,1,3
1,36,1,1,55,500,1,0,2
2,33,2,1,26,160,1,0,3
1,35,2,0,79,500,0,1,3
1,30,2,0,33,75,1,0,3
2,35,2,1,34,44,1,1,3
2,33,2,1,14,12,1,0,2
1,29,2,0,11,28,0,0,2
1,33,2,1,84,500,1,0,2
1,32,2,0,40,269,1,1,3
2,36,1,1,48,178,1,0,2
1,35,2,1,52,500,1,1,1
2,36,2,1,31,320,1,1,3
2,33,2,1,33,93,1,1,3
1,33,2,0,22,500,1,0,2
2,29,2,1,49,359,0,1,3
2,30,2,1,41,209,0,0,1
1,34,1,1,23,207,1,0,1
1,34,2,0,5,500,1,0,1
2,32,1,1,59,500,0,0,2
1,35,2,0,6,500,0,0,3
2,35,2,1,21,443,0,0,1
1,33,1,1,37,500,0,0,3
1,31,2,0,44,264,1,0,2
1,32,1,1,61,500,0,0,2
1,32,2,1,36,6,0,0,3
1,35,2,1,35,411,1,0,3
2,30,1,1,34,209,0,1,2
2,32,2,1,68,500,1,1,3
1,35,1,1,48,500,0,0,4
2,36,2,0,8,114,1,0,3
1,28,2,1,33,30,1,1,3
2,31,2,1,62,116,1,1,3
1,32,2,1,31,479,1,1,2
2,33,1,1,48,358,0,0,3
1,35,2,1,31,113,1,0,2
2,34,2,1,31,242,1,0,4
2,31,2,1,47,125,1,1,4
2,31,2,1,21,500,0,0,2
2,29,2,1,32,500,0,0,3
1,33,1,1,66,340,0,1,2
1,33,1,1,76,500,1,1,3
2,31,2,1,16,75,0,0,2
1,30,2,1,9,63,1,0,3
1,34,2,1,20,114,1,0,2
1,32,2,1,119,313,1,0,2
2,33,1,0,4,113,0,0,1
2,32,1,1,57,362,1,0,2
2,35,1,1,41,300,1,1,3
1,32,2,1,59,500,1,1,3
1,27,2,1,65,113,1,1,2
2,30,2,1,72,500,1,0,1
1,33,1,1,50,199,1,0,5
1,33,2,1,83,500,1,1,4
1,31,2,1,20,254,1,0,2
2,29,2,1,70,66,1,1,3
1,35,2,1,50,288,1,0,5
2,31,2,1,72,500,1,0,3
1,31,2,1,57,109,1,1,3
2,30,1,1,27,155,1,0,2
1,31,2,1,16,121,1,0,2
2,35,2,1,77,500,1,1,3
1,31,2,1,51,500,1,0,3
1,31,1,0,4,500,1,0,2
2,31,2,1,46,300,1,0,1
2,30,1,1,19,250,1,0,2
1,31,2,0,54,191,1,0,2
1,34,1,1,50,500,1,1,1
1,31,1,0,32,219,1,1,5
2,32,2,0,5,353,1,0,1
2,31,2,0,14,175,1,0,2
2,30,2,1,41,43,0,0,2
1,35,2,1,57,500,0,1,3
2,29,1,0,28,66,0,1,3
1,33,2,0,52,208,0,1,3
1,31,2,1,38,401,0,0,3
2,34,1,1,49,29,1,0,3
1,33,2,1,49,265,1,0,2
2,33,2,1,10,265,1,0,2
1,33,2,1,69,342,1,1,2
2,32,2,0,3,500,1,0,1
2,31,2,1,39,83,1,1,3
2,32,1,1,64,162,1,0,2
1,35,2,1,68,481,1,1,5
2,33,1,1,104,304,1,0,3
2,35,1,1,35,166,1,1,3
1,31,2,1,31,456,1,1,5
2,31,1,1,9,141,1,0,1
1,30,2,0,26,435,1,0,4
2,32,1,1,63,118,1,1,3
2,35,2,1,9,65,1,0,1
1,32,1,0,32,500,1,0,3
1,30,2,1,81,445,1,1,3
1,35,2,1,17,257,1,0,3
1,33,2,1,14,30,0,0,2
1,29,2,1,12,13,0,0,1
2,30,2,1,21,222,0,0,2
2,36,2,1,61,279,1,0,5
2,37,2,1,51,376,1,0,2
1,34,2,1,6,500,1,0,3
2,30,1,1,60,500,1,1,3
1,31,1,1,24,136,1,0,2
1,31,2,1,31,170,1,0,2
1,35,2,1,22,217,1,0,1
1,31,1,1,31,121,1,0,1
1,35,2,0,21,500,1,0,2
1,35,1,0,43,166,1,1,2
1,31,1,1,88,181,1,1,4
2,28,2,1,28,500,1,0,1
1,35,1,1,73,166,1,0,2
1,36,2,0,16,88,1,0,2
1,34,1,1,46,46,1,0,1
1,31,2,1,57,318,1,0,4
1,34,2,1,10,241,1,0,2
2,35,2,1,50,72,1,1,3
2,35,1,1,42,473,1,0,1
1,32,2,1,21,327,1,0,1
2,31,1,1,41,266,1,0,2
1,33,2,1,45,500,1,1,3
1,36,2,1,44,422,1,1,3
2,31,1,1,23,235,1,0,1
1,31,2,1,23,431,1,0,1
1,34,1,1,42,500,1,1,3
1,30,1,1,46,219,1,0,2
1,35,2,1,56,48,1,0,3
2,32,2,1,48,150,1,0,3
2,31,2,1,38,431,1,0,2
1,33,2,1,77,214,1,1,3
1,32,2,1,80,193,1,1,2
1,32,2,1,33,92,1,0,2
2,34,2,1,30,91,1,0,3
1,36,2,1,46,392,1,0,1
1,34,2,1,40,118,1,1,3
2,30,2,1,45,45,1,0,2
2,32,1,0,7,83,1,0,1
1,31,2,1,20,174,1,0,2
2,30,2,0,54,4,0,1,2
2,29,2,1,10,86,0,0,1
1,35,2,1,58,394,0,1,4
2,35,2,1,71,275,0,0,4
1,33,1,1,49,174,0,1,3
1,31,2,1,27,246,0,0,3
2,29,1,1,48,58,0,1,3
1,32,1,1,15,500,0,0,2
1,35,2,0,42,500,0,0,3
1,34,2,1,40,500,0,1,1
1,34,1,1,13,111,0,0,2
1,34,1,0,58,109,0,0,3
1,34,2,1,82,500,0,0,3
1,36,2,1,28,438,0,0,1
2,30,2,1,26,459,0,0,3
1,32,2,0,40,37,0,0,4
2,35,1,0,51,391,0,0,5
1,31,2,1,61,270,0,1,3
1,34,2,1,36,182,0,0,3
1,33,2,1,30,444,0,0,2
2,35,1,1,48,500,0,0,2
1,30,2,0,6,64,0,0,1
2,35,1,1,37,500,0,1,3
2,32,2,1,23,500,1,0,4
1,32,2,1,49,500,0,1,3
2,32,2,0,5,476,0,0,2
1,29,2,1,55,265,0,1,2
2,34,2,1,42,401,0,0,2
1,33,1,0,20,421,0,0,5
2,33,2,0,30,80,0,1,3
2,32,2,1,78,186,0,0,2
1,31,2,1,37,450,0,1,3
2,31,2,1,40,92,0,1,3
1,31,2,1,40,197,0,0,3
1,32,2,1,18,177,0,0,2
1,35,2,0,62,500,0,1,3
2,32,2,0,31,102,0,0,2
1,34,2,0,6,162,0,0,2
2,33,1,1,66,196,0,1,4
2,32,1,1,69,500,0,0,3
2,35,2,0,3,176,0,0,2
2,31,2,1,14,172,0,0,3
2,34,1,1,63,500,0,0,3
2,30,2,1,15,476,1,0,4
1,31,1,0,4,172,1,0,2
2,35,1,1,51,76,1,0,3
1,30,1,1,29,500,1,0,3
2,36,2,1,81,500,1,0,3
1,34,1,1,64,293,1,0,3
2,33,2,1,35,88,1,0,3
2,33,2,1,17,187,1,0,2
1,32,1,1,92,500,1,1,3
2,37,1,0,6,33,1,0,2
2,36,2,1,33,182,1,0,3
1,31,1,1,83,69,1,1,3
2,30,2,1,54,500,1,0,3
1,30,2,0,25,410,1,0,2
1,35,2,0,41,500,1,0,2
1,34,2,1,65,500,1,0,2
1,32,2,1,43,210,1,0,3
1,32,2,1,17,235,1,0,3
1,34,2,1,34,321,1,1,3
2,34,2,0,35,27,1,1,3
1,35,2,1,69,393,1,1,5
2,33,2,0,17,485,1,0,2
2,33,2,1,20,87,1,1,2
2,31,2,1,45,101,1,1,3
1,32,2,1,41,54,1,1,3
1,30,2,0,35,112,1,0,4
2,34,2,1,56,28,1,1,3
2,32,2,1,21,98,1,0,3
1,31,2,0,29,500,1,1,3
2,34,1,1,14,159,1,0,3
2,31,2,1,31,141,1,0,4
1,36,1,1,29,500,1,0,4
1,35,1,1,67,500,1,0,4
1,34,2,1,31,500,1,0,2
2,32,2,0,41,337,1,0,2
2,32,2,1,54,190,1,0,4
2,31,2,0,60,288,1,1,4
1,36,1,1,25,89,1,0,3
2,22,1,1,10,267,1,0,1
2,33,1,1,84,500,1,0,1
1,31,2,0,7,500,1,0,1
1,30,2,1,27,102,1,0,3
1,36,1,1,39,431,1,0,3
2,33,1,0,26,500,1,0,3
1,31,2,1,24,473,1,0,2
1,36,1,1,5,94,1,0,3
2,32,2,1,26,500,0,1,2
2,30,2,1,43,153,0,1,3
2,32,2,1,29,209,0,1,3
2,30,2,1,18,454,0,0,3
1,35,2,1,23,350,1,0,3
2,30,2,0,18,157,0,0,3
1,32,2,1,14,73,0,0,2
1,31,2,1,70,238,0,0,2
1,34,2,1,36,208,0,1,3
1,33,2,1,54,500,0,0,1
2,29,2,1,44,302,0,0,4
1,29,2,1,33,338,0,1,3
2,32,2,1,57,500,0,0,3
2,31,2,1,9,500,0,0,2
1,29,2,1,72,103,1,1,3
1,31,2,1,67,82,1,1,3
2,31,2,1,68,57,0,1,3
1,32,1,0,22,108,0,1,3
2,34,1,1,75,500,1,1,4
1,33,1,1,68,173,1,0,2
1,32,2,1,59,92,1,1,2
1,32,1,0,34,191,0,0,3
1,31,2,0,21,134,0,1,3
2,29,2,1,64,500,0,1,2
2,29,2,1,45,500,0,0,3
2,29,2,1,34,500,0,0,3
2,30,1,1,74,500,0,1,3
2,35,2,0,4,129,0,0,2
2,29,1,1,38,237,0,0,2
1,31,2,1,53,500,1,0,4
1,33,2,1,24,63,1,0,3
1,32,2,1,77,500,1,1,4
1,36,2,0,69,325,1,1,4
1,35,2,1,29,227,1,1,3
1,32,2,1,75,500,1,1,4
1,31,2,1,12,218,1,0,2
1,30,2,1,66,65,0,0,2
2,33,1,1,76,500,0,1,4
2,31,2,1,8,31,0,0,3
2,32,1,0,6,122,0,0,2
2,31,2,1,36,79,0,0,2
1,30,1,1,42,300,0,0,2
1,30,2,1,84,500,0,0,2
2,35,1,1,61,154,0,0,3
1,29,2,1,43,289,0,0,3
1,32,1,1,61,500,0,1,3
2,33,1,1,117,155,0,0,2
1,32,2,1,33,429,0,1,3
2,32,2,1,33,227,0,0,3
2,32,2,1,55,500,0,0,2
1,32,2,1,13,500,1,0,2
1,32,2,0,18,500,1,0,2
1,32,2,1,46,500,1,1,3
2,31,1,1,146,62,1,0,2
1,31,2,1,18,339,0,0,3
2,35,1,1,15,335,0,0,2
1,29,1,0,14,111,0,0,2
1,36,2,0,8,500,1,0,2
1,31,2,1,22,80,0,1,3
2,33,2,1,40,52,0,0,2
1,30,1,1,118,500,0,0,3
2,35,1,1,41,78,0,0,2
1,32,2,1,54,245,0,0,2
1,33,1,1,19,162,1,0,2
1,31,2,0,4,176,0,0,1
1,32,1,1,52,177,1,1,2
1,31,1,0,34,500,0,1,4
1,33,2,1,81,500,0,1,4
1,35,2,1,40,260,0,0,2
1,33,2,0,36,208,0,0,2
1,32,2,1,43,87,0,0,2
1,31,2,1,9,151,0,0,1
2,33,2,0,38,432,0,1,2
2,34,2,0,18,86,0,1,2
2,31,1,1,13,500,0,0,3
2,35,2,1,32,500,0,0,2
2,32,1,1,57,287,0,0,3
1,27,2,1,32,161,0,0,1
2,33,2,1,70,500,0,1,2
2,30,2,1,41,410,0,0,2
2,32,2,1,21,123,0,1,2
1,29,2,1,25,132,0,0,4
1,31,2,1,8,301,0,0,4
2,30,1,0,63,448,0,1,5
1,31,2,1,20,254,1,0,3
1,33,1,1,48,205,1,0,4
2,34,2,1,12,66,1,0,2
1,40,2,1,63,82,1,0,3
1,34,1,1,34,500,0,0,3
1,30,2,1,22,356,0,0,4
2,31,2,1,41,202,0,0,2
1,33,1,1,15,277,1,0,2
2,34,2,1,41,500,1,1,3
1,35,2,1,20,111,1,1,5
2,35,2,1,16,269,1,0,3
2,26,2,1,33,500,1,0,5
1,36,2,1,15,29,1,0,2
1,34,2,1,84,408,1,0,2
2,30,2,1,40,191,1,0,2
2,32,2,1,18,79,1,0,5
1,40,1,1,38,110,0,1,5
2,29,1,1,8,178,0,0,2
2,35,2,1,70,500,1,0,3
1,33,2,1,40,379,1,0,4
2,37,1,1,107,130,0,1,3
2,34,2,0,10,84,1,0,3
1,31,2,1,54,492,1,1,3
1,36,2,1,36,500,1,1,5
1,35,2,1,45,500,1,1,2
1,31,1,1,79,500,1,0,5
1,32,2,1,32,6,1,0,2
1,34,2,1,20,283,1,0,5
1,32,1,1,96,500,1,1,3
2,29,2,1,29,138,0,0,2
2,30,2,1,68,500,0,0,5
1,29,2,1,54,172,0,0,5
2,34,2,0,29,240,1,0,2
2,32,2,1,51,320,1,1,3
1,37,2,0,61,73,1,0,4
1,31,2,1,10,47,1,0,3
1,33,1,0,16,121,1,0,3
2,36,2,1,39,500,1,0,3
2,31,2,1,38,255,1,0,4
2,35,2,1,22,305,1,0,4
1,30,2,1,51,500,1,1,5
1,36,1,1,58,500,1,0,4
1,30,1,1,75,500,1,1,5
1,31,2,1,56,9,0,1,3
2,32,2,1,66,155,1,0,2
2,33,2,1,10,107,1,0,2
1,30,1,1,47,500,1,0,4
1,33,2,1,2,286,1,0,4
1,33,2,0,56,373,1,1,5
1,31,2,1,14,156,1,0,3
1,33,2,0,142,144,1,0,2
1,33,2,1,43,198,0,1,3
2,34,2,1,45,451,0,0,2
1,34,2,1,94,500,0,0,2
1,35,2,1,27,46,0,0,2
1,30,1,1,29,198,0,1,3
1,35,2,1,30,292,0,1,3
2,31,2,1,35,53,0,1,3
2,35,2,1,53,458,0,1,3
2,30,2,1,53,135,0,0,2
1,33,2,1,36,225,0,0,3
2,32,2,1,12,182,0,0,2
2,34,2,0,17,500,0,0,2
2,31,2,1,30,272,0,0,1
1,31,2,1,43,31,0,0,4
2,34,2,1,48,116,0,1,3
1,34,1,1,99,500,0,0,2
2,34,2,1,47,141,0,1,3
2,31,2,1,32,353,0,0,2
2,31,1,1,37,500,0,0,2
2,34,2,1,55,114,0,1,3
1,32,1,1,7,73,0,0,2
1,32,1,1,43,444,0,0,2
1,32,2,0,50,213,0,1,4
1,32,2,1,13,42,0,0,3
1,30,1,1,44,240,0,1,3
1,33,2,1,46,104,0,0,3
1,32,2,1,35,347,0,0,1
1,34,2,1,50,500,0,0,1
1,34,2,1,58,76,0,0,3
1,33,1,0,46,59,0,0,3
1,29,2,1,37,333,0,0,2
1,29,2,0,43,479,0,1,3
1,31,2,1,25,256,0,0,2
1,28,2,1,29,179,0,0,3
1,29,2,0,20,200,0,0,2
1,31,1,1,14,500,0,0,1
1,29,2,1,33,220,0,1,3
2,29,2,1,61,173,0,0,3
1,29,2,1,13,500,0,1,2
2,27,2,1,63,118,0,0,1
2,29,2,1,89,263,0,1,3
2,30,1,0,7,52,0,0,2
2,29,1,1,7,283,0,0,2
2,33,2,1,25,277,0,0,2
1,31,2,1,57,53,0,0,2
2,40,2,1,114,194,0,0,3
1,34,1,1,44,500,0,0,1
1,35,2,1,31,500,1,0,2
2,32,2,1,9,130,0,0,1
1,30,2,0,36,500,0,0,1
2,29,2,0,7,60,1,0,2
1,30,1,0,20,441,0,1,2
2,34,2,1,50,396,0,0,3
1,35,2,1,21,359,0,0,2
1,31,1,1,18,500,0,0,2
2,32,2,0,22,363,0,0,3
1,31,2,1,44,224,0,0,2
2,30,1,1,65,402,0,0,4
1,33,2,1,76,253,1,1,4
2,34,2,1,81,294,1,0,3
1,30,2,1,40,336,1,1,3
1,34,2,0,55,500,1,0,1
1,31,2,0,72,500,1,1,1
2,32,1,1,103,500,1,1,3
1,31,1,1,71,124,1,1,4
1,34,1,1,71,500,1,0,4
1,26,2,1,33,340,1,0,3
2,33,2,1,11,167,1,0,1
2,34,2,1,65,277,0,1,3
1,37,2,1,60,500,0,1,3
2,34,1,1,84,307,0,0,4
2,34,2,1,41,500,0,0,3
2,33,2,1,80,500,0,0,4
1,31,2,1,59,500,1,1,3
2,34,1,1,56,356,1,0,4
2,30,2,1,38,500,1,1,2
2,30,1,1,46,144,1,1,3
2,34,1,1,63,459,1,1,2
1,31,2,1,31,15,1,0,2
2,31,2,1,15,326,1,0,2
2,35,1,1,92,500,1,1,4
2,35,2,0,42,74,1,0,1
1,36,2,1,41,51,1,1,2
2,33,2,1,104,500,1,1,3
1,35,2,1,70,108,1,1,3
1,30,2,1,86,247,1,0,2
1,34,1,1,81,500,1,1,2
2,34,1,1,61,43,1,0,3
1,32,2,1,89,416,1,0,3
1,34,2,1,36,500,0,0,3
2,35,2,1,57,422,0,0,2
1,31,2,1,16,313,1,0,2
1,31,2,1,58,328,1,1,3
2,30,2,1,37,138,1,1,3
2,34,2,0,3,204,1,0,1
1,33,1,0,22,500,1,0,2
2,35,1,1,47,460,1,0,2
1,31,2,1,8,115,1,0,1
2,31,2,1,47,326,1,0,3
2,37,2,1,59,79,1,0,2
1,34,2,1,32,500,1,0,2
1,32,2,1,54,297,1,0,3
2,31,2,1,43,337,1,0,2
1,33,2,1,61,99,1,0,3
2,32,2,1,49,285,1,0,3
1,31,2,0,61,500,1,0,3
1,34,2,1,59,500,1,1,3
2,32,2,1,41,324,1,1,3
1,31,2,0,38,437,1,0,3
1,31,2,1,15,491,1,1,2
2,34,1,1,89,97,1,1,4
2,33,1,1,20,83,1,0,3
2,33,1,1,36,215,1,0,3
1,31,2,1,37,115,1,1,3
2,34,1,1,18,500,1,0,2
1,36,2,0,11,145,1,0,2
2,34,1,1,35,354,0,0,3
1,31,2,1,19,189,1,0,2
1,28,2,0,25,156,1,1,4
2,33,1,1,21,245,1,0,2
2,33,2,1,57,29,1,1,2
1,32,2,0,25,48,1,1,3
2,33,1,1,64,55,1,0,2
2,34,2,0,11,500,1,0,2
1,32,2,1,78,500,1,0,4
2,33,2,1,42,122,1,0,3
1,33,2,1,51,51,1,1,2
1,32,2,1,46,500,1,0,2
2,34,2,1,18,265,1,1,4
1,34,2,0,35,280,1,0,3
2,34,2,1,30,500,1,1,3
2,30,2,1,82,500,1,0,2
2,34,2,1,53,339,1,1,3
1,32,2,1,33,500,1,0,2
2,33,2,1,72,149,1,0,2
2,35,2,1,22,500,1,0,2
2,35,1,1,37,137,1,0,2
2,31,2,1,46,500,1,1,2
2,31,1,1,89,72,1,1,4
2,36,1,1,31,333,1,0,2
2,32,2,1,22,500,1,1,3
2,33,2,1,48,79,1,0,3
2,33,2,1,48,156,1,1,4
2,31,2,1,14,500,1,0,2
1,31,2,1,73,500,1,1,3
2,36,1,1,33,486,1,1,3
2,31,2,1,31,166,1,0,2
2,33,1,1,28,97,1,0,4
1,32,2,1,58,109,1,0,3
1,30,2,1,14,348,1,0,1
1,32,2,0,56,247,1,1,5
1,35,2,1,55,280,1,1,3
1,35,2,1,47,500,1,0,2
2,32,2,1,23,500,1,0,2
2,32,2,0,45,500,1,0,2
1,32,2,1,38,231,1,1,4
2,33,2,1,43,200,1,1,3
2,40,2,1,70,228,1,0,3
1,35,2,1,33,500,1,0,3
2,38,2,0,3,156,1,0,1
1,33,2,1,11,94,1,0,2
1,35,2,1,36,500,1,1,3
2,32,1,1,84,500,1,0,3
1,33,2,1,47,500,1,1,5
1,35,2,1,53,81,1,1,3
1,35,2,1,34,387,1,0,2
2,31,2,1,11,224,1,0,2
2,30,1,1,41,500,1,0,3
1,33,1,1,41,500,1,0,3
2,34,1,0,8,186,0,0,2
2,35,2,1,43,51,0,1,4
2,32,1,1,21,295,0,0,3
2,33,1,1,112,333,0,0,3
1,35,1,1,84,500,0,1,5
2,32,1,1,33,252,0,1,3
1,34,1,1,26,387,0,0,2
2,35,2,1,52,500,0,0,3
2,36,1,1,52,500,0,1,4
2,31,1,1,19,500,0,0,4
2,34,2,0,3,203,0,0,1
2,31,2,1,56,500,0,1,2
2,35,2,1,59,500,0,1,5
2,31,1,1,61,386,1,0,3
1,31,1,1,21,500,1,0,2
1,37,2,0,12,152,1,0,2
2,33,2,1,14,56,0,0,1
2,34,2,1,24,83,0,0,2
1,33,2,1,19,327,0,0,3
1,36,2,1,43,286,0,1,3
2,31,2,1,8,147,0,0,2
2,37,1,1,29,499,0,1,4
1,36,2,1,68,500,0,0,2
2,29,2,1,71,500,0,1,5
2,30,2,1,52,199,0,0,2
2,36,2,1,52,195,0,1,4
2,33,2,0,24,500,0,0,3
2,32,1,1,80,500,0,1,4
2,30,1,1,65,123,0,0,2
2,35,2,1,35,44,0,0,1
2,33,2,1,14,396,0,0,2
1,31,2,0,40,500,0,0,2
1,34,2,1,24,376,1,1,5
1,34,2,1,15,414,1,0,3
1,32,2,1,51,500,1,0,3
1,34,2,1,10,11,1,0,2
1,34,2,1,49,196,1,1,3
1,35,1,0,46,78,0,1,5
1,34,2,1,23,500,0,0,5
2,30,2,1,5,147,0,0,2
1,32,2,0,34,109,0,0,3
1,32,2,1,22,179,0,0,3
2,35,2,1,32,500,0,0,3
1,34,2,1,33,500,0,1,3
2,34,2,1,57,500,0,0,2
1,31,2,1,67,87,0,1,2
2,31,2,1,43,99,0,0,2
1,31,2,0,37,443,0,1,4
2,34,1,1,82,500,0,1,4
1,31,2,0,15,312,0,0,2
1,32,2,1,4,138,0,0,2
1,30,2,1,23,6,0,0,3
1,32,1,1,61,500,0,1,4
1,30,1,1,69,500,0,1,4
2,29,2,1,22,78,0,0,2
1,31,2,1,40,500,0,1,4
1,32,2,1,22,406,0,0,2
2,29,1,1,88,500,0,1,3
1,46,1,1,76,183,0,1,4
1,36,1,1,69,500,1,0,4
1,33,1,1,50,500,0,0,4
2,33,2,1,88,500,1,1,5
1,32,2,1,55,27,1,1,3
1,36,2,1,41,273,0,1,5
2,34,2,1,66,500,1,0,4
2,34,1,1,31,212,0,0,4
2,32,2,1,27,101,0,1,3
1,33,2,1,36,244,0,0,4
1,32,2,1,79,500,0,1,3
1,33,1,1,9,237,0,0,2
1,31,2,0,8,358,0,0,1
1,33,1,1,48,439,1,1,3
2,32,1,1,19,54,1,0,2
2,31,1,1,29,109,0,1,3
1,34,2,1,7,15,1,0,1
1,35,1,1,90,446,1,0,3
1,31,2,1,112,500,0,1,4
1,34,2,1,15,500,1,0,3
1,33,2,1,73,221,1,0,3
1,36,1,1,61,157,1,1,3
1,35,2,0,6,500,1,0,3
2,31,2,0,40,346,1,1,4
1,31,1,1,22,500,1,1,3
2,32,1,1,29,500,0,1,2
2,30,2,0,35,500,1,0,2
2,32,2,1,67,84,0,0,3
1,22,2,1,44,266,0,1,4
2,31,2,1,35,297,0,1,3
2,33,2,1,35,500,0,0,2
2,33,2,1,39,230,0,0,3
2,30,2,1,58,38,0,1,3
2,30,2,1,26,446,0,0,2
2,32,2,1,37,500,1,0,2
1,31,2,1,78,219,1,1,3
2,33,2,1,18,110,1,0,2
2,32,2,1,37,121,1,0,3
1,33,1,0,4,333,1,0,1
2,31,2,1,39,383,1,0,3
2,32,2,1,62,500,1,0,3
2,33,1,1,83,500,1,0,3
2,32,2,0,20,196,1,0,1
2,33,1,1,125,296,0,1,3
1,37,1,1,28,111,1,0,3
2,30,2,1,25,163,1,0,2
1,34,2,0,76,396,1,1,4
2,33,2,1,57,43,1,0,4
2,30,2,0,2,198,1,0,1
2,32,2,1,60,367,1,1,3
2,33,2,1,36,366,1,0,4
2,31,1,1,42,267,1,1,3
1,32,1,1,50,172,1,1,2
2,36,2,0,63,500,1,0,4
1,36,2,1,50,95,1,1,4
2,31,1,1,60,175,1,1,3
1,27,1,1,142,500,0,1,3
1,36,1,1,192,500,0,1,3
2,36,1,1,118,178,1,0,4
1,33,2,1,45,48,1,0,4
1,28,1,1,66,500,0,0,3
2,32,1,1,117,441,1,0,3
2,26,1,1,185,103,1,0,3
2,25,1,1,19,126,1,0,5
2,26,1,1,49,206,0,0,5
2,34,1,1,173,188,0,0,3
1,28,1,1,39,142,0,0,5
2,30,2,0,173,500,0,1,3
2,31,1,1,144,500,0,1,4
1,30,2,1,46,307,0,0,3
1,35,2,1,204,500,0,1,4
2,28,2,1,132,183,0,0,3
1,29,2,1,146,500,0,1,3
1,34,1,1,81,500,0,0,2
2,34,2,1,264,500,0,1,4
2,31,1,1,356,500,0,1,5
2,33,2,1,86,400,0,0,4
1,32,2,1,145,358,0,0,4
1,36,1,1,45,500,0,0,4
1,33,1,1,128,500,0,0,2
2,31,2,1,39,51,0,0,3
2,35,1,1,28,125,0,1,4
1,26,2,0,165,338,0,1,4
2,30,1,1,200,71,0,1,2
1,41,2,1,322,296,0,1,5
2,31,2,1,41,179,0,0,3
2,29,1,1,49,66,0,1,3
1,28,2,1,178,180,0,1,3
2,30,1,1,178,346,0,1,3
1,32,1,1,146,88,0,1,4
1,33,2,1,167,500,0,0,3
2,26,1,1,66,228,0,0,3
1,30,2,1,11,150,0,0,1
2,29,2,1,72,202,0,0,1
1,31,1,0,70,383,0,0,1
1,34,2,0,30,348,0,0,1
2,35,1,1,52,176,0,0,1
2,32,1,1,139,341,1,1,4
1,30,1,1,234,324,0,1,3
2,34,1,1,58,425,0,0,3
2,34,1,1,58,425,0,0,3
2,34,1,1,41,322,0,0,3
1,35,1,1,117,500,1,0,2
2,33,1,1,189,348,0,0,3
2,35,1,1,92,192,0,0,4
1,28,2,1,108,191,0,1,2
1,33,1,1,66,137,0,1,5
2,30,2,1,20,355,0,1,2
2,30,1,1,110,500,0,1,3
1,31,2,1,142,38,0,0,4
2,31,1,1,117,376,0,1,3
1,30,2,1,66,175,0,0,1
1,35,1,1,117,145,1,0,3
1,33,1,1,138,238,1,0,5
1,28,1,1,67,122,0,1,4
1,33,1,1,128,500,0,1,3
1,31,1,0,70,273,0,1,1
1,30,2,1,144,500,0,0,2
2,33,2,1,71,500,0,0,1
1,33,2,0,3,185,0,0,1
1,28,2,1,573,147,0,1,3
1,33,2,1,749,251,0,0,3
2,27,1,1,165,500,0,0,2
2,29,2,1,102,223,0,0,2
1,34,1,1,37,164,0,0,5
1,34,2,0,55,136,1,0,1
2,31,2,0,122,128,1,1,4
1,33,1,1,43,362,1,0,3
1,33,1,1,108,500,1,0,4
1,31,2,1,120,344,1,1,3
1,32,2,1,243,272,1,0,4
1,34,1,1,76,500,1,0,4
1,33,2,1,190,500,1,0,5
2,32,1,1,51,192,1,0,3
2,34,1,1,74,323,1,1,3
1,32,2,1,57,327,1,0,3
2,31,2,1,68,500,1,0,2
2,31,1,1,30,500,1,0,3
1,33,1,1,352,500,1,0,3
1,31,2,1,135,282,1,0,4
2,31,2,1,99,80,0,0,4
1,33,2,0,28,73,1,1,3
2,31,2,1,69,24,1,1,3
1,35,2,1,195,344,1,0,4
1,33,2,1,114,500,0,0,3
2,33,2,0,83,227,0,0,4
2,30,1,1,215,325,0,0,5
2,30,2,1,161,500,0,1,3
1,34,2,1,127,303,0,0,3
1,31,1,1,159,245,1,1,3
1,31,1,0,49,161,1,1,4
2,30,2,1,56,68,0,0,3
2,32,2,1,178,259,0,0,3
1,31,1,1,58,170,0,0,3
1,32,1,0,55,500,0,0,3
1,30,2,1,139,294,1,1,3
2,32,2,1,283,231,1,1,3
2,32,1,1,244,500,1,0,3
1,32,1,1,103,82,1,0,3
1,29,1,1,121,462,1,0,4
1,32,1,1,386,80,1,1,2
1,33,1,1,330,242,1,0,2
1,32,1,1,220,50,1,1,3
1,32,1,1,109,372,1,0,3
1,32,2,1,33,75,1,0,3
1,31,1,1,85,65,1,0,3
2,33,2,1,21,10,0,0,4
1,30,1,1,202,95,0,1,3
2,30,1,1,8,26,0,0,5
1,31,1,1,96,153,0,0,3
1,33,1,1,120,414,0,0,4
1,31,2,1,105,110,0,1,3
1,31,1,1,85,271,0,0,3
1,35,1,0,38,260,0,0,3
2,31,1,1,139,449,0,1,3
2,34,1,1,44,500,0,1,3
1,34,1,1,119,500,0,1,5
2,35,1,1,175,386,0,1,4
1,32,2,1,85,397,0,0,3
2,35,2,1,104,500,0,0,3
1,33,1,1,59,337,0,0,3
2,35,2,1,52,129,0,0,3
2,35,2,1,205,394,0,0,2
1,35,1,1,201,500,0,1,4
2,31,1,1,121,364,0,0,2
2,31,1,1,52,500,0,0,4
2,31,2,1,112,261,0,0,4
2,30,2,1,118,384,0,0,1
2,35,2,1,29,500,0,0,1
1,35,2,1,108,393,0,1,4
2,33,2,1,88,421,0,1,3
2,32,2,1,125,500,0,0,4
2,33,2,1,186,343,1,1,3
2,34,1,1,70,369,1,0,4
2,33,1,1,131,346,1,0,4
2,34,2,1,143,87,1,0,5
1,30,2,1,154,132,1,0,4
1,36,1,1,303,500,1,0,4
2,32,2,1,65,285,1,1,4
2,31,2,1,125,500,1,0,4
1,31,2,1,22,39,1,0,3
1,35,2,1,254,500,1,1,4
2,29,1,1,17,41,1,0,3
1,35,1,1,161,181,1,1,4
2,34,2,1,38,500,1,1,4
1,31,2,0,136,51,1,1,4
2,30,1,1,142,500,1,0,4
2,30,2,1,154,300,1,0,1
1,30,2,1,121,500,1,0,4
2,35,1,1,67,278,1,0,2
1,36,1,1,150,500,1,0,1
1,35,2,0,151,500,1,0,1
2,34,2,1,269,500,0,0,4
1,36,2,1,178,233,1,1,3
1,32,2,0,266,234,1,0,3
1,32,1,1,19,148,1,0,4
1,47,1,1,146,500,1,0,1
1,35,1,1,134,500,1,1,3
1,36,1,1,148,3,1,0,4
1,31,2,1,131,278,1,1,3
2,34,1,1,42,327,1,0,2
1,35,2,1,78,500,1,0,3
1,35,1,1,228,45,1,0,5
2,35,1,1,14,468,1,0,4
1,32,1,1,172,89,1,1,4
1,30,1,1,72,32,1,0,3
1,31,2,1,72,200,1,1,4
1,34,2,1,110,212,1,0,3
2,35,2,1,95,500,1,0,4
1,33,2,1,241,500,1,0,4
1,34,1,1,109,492,1,1,5
2,34,1,1,168,500,0,1,3
2,32,2,1,98,500,0,0,2
2,31,2,1,161,500,0,0,1
2,32,1,1,98,500,0,1,2
2,30,2,1,59,73,0,0,1
2,33,1,1,44,500,0,0,2
2,33,1,1,253,500,0,1,4
2,32,2,1,133,139,0,0,4
1,29,1,1,286,248,0,0,2
2,33,2,1,40,500,1,0,3
1,32,1,1,185,277,1,1,3
1,27,1,1,115,500,0,0,4
2,31,2,1,107,500,1,0,1
2,31,1,1,139,400,0,0,3
2,31,1,1,163,500,0,0,2
2,32,1,1,17,169,1,0,4
2,32,1,1,73,98,0,0,3
1,31,1,1,122,435,0,0,1
1,33,2,1,295,430,0,1,4
2,33,2,1,420,107,0,0,4
2,30,2,1,132,500,0,0,1
2,33,1,1,197,204,0,1,3
1,32,2,1,70,203,0,0,1
2,29,1,0,89,500,0,1,2
2,30,2,1,33,500,0,0,3
2,30,2,1,20,500,0,0,1
2,29,2,0,285,183,0,0,1
2,34,2,1,34,156,0,0,3
2,31,2,0,59,237,0,1,2
2,29,2,1,76,315,0,1,3
2,30,1,1,102,19,0,0,2
2,33,2,1,80,500,1,0,2
1,35,1,1,143,398,1,0,3
1,39,1,1,73,500,0,0,5
2,30,1,1,387,42,1,0,2
2,32,1,1,95,167,1,1,5
1,35,1,1,250,500,1,1,5
1,29,1,0,117,500,0,1,4
2,36,1,1,135,393,1,0,4
2,32,1,1,56,449,1,0,1
2,30,2,0,33,119,1,0,2
1,31,1,1,21,188,1,0,3
2,32,1,1,104,500,1,0,4
2,35,1,1,77,227,1,1,3
1,30,2,0,328,213,1,0,1
1,30,1,1,126,208,1,0,4
2,35,1,1,125,159,1,0,5
1,34,2,1,178,500,0,1,3
1,33,2,1,18,209,0,0,3
1,29,2,1,169,37,0,0,3
1,29,2,1,270,369,0,1,3
1,31,2,1,143,500,0,0,3
2,34,2,1,70,132,0,0,3
1,32,2,1,153,500,0,0,2
2,32,2,1,25,500,0,0,3
1,32,2,1,332,331,0,1,2
2,31,1,1,49,115,0,0,2
1,34,1,1,118,446,0,1,4
1,34,1,1,60,171,1,0,3
2,28,2,1,72,192,0,0,4
1,34,1,1,185,500,1,0,2
1,36,1,1,140,500,1,1,4
1,32,2,1,74,126,1,0,3
2,29,2,1,161,500,1,1,3
2,34,2,1,26,73,0,0,2
1,29,2,1,68,500,0,1,2
1,33,1,1,125,500,0,0,3
2,32,2,1,93,500,0,0,3
2,22,1,1,29,366,1,0,3
2,35,2,0,65,32,0,1,4
2,30,1,1,56,198,0,0,5
1,36,2,1,15,26,0,0,3
1,35,1,1,359,347,0,0,5
1,31,1,1,194,33,0,1,3
1,33,1,1,145,148,0,0,5
2,35,1,1,51,55,0,1,3
2,35,1,1,170,500,0,0,4
1,33,1,0,37,123,0,0,2
2,22,2,1,88,307,0,0,5
2,34,2,1,32,60,0,0,5
2,35,2,1,131,329,0,0,4
1,34,2,1,45,53,0,0,5
1,33,2,1,54,37,0,1,5
1,30,2,1,265,174,0,0,4
2,38,2,1,136,328,0,1,5
2,34,2,1,138,500,0,0,4
2,33,2,1,72,500,1,0,4
2,32,2,1,208,500,0,0,4
2,31,1,1,71,500,0,0,4
1,36,2,1,84,203,0,1,4
2,36,1,1,120,365,0,1,4
1,33,2,1,137,308,0,0,5
1,35,1,1,24,39,0,0,3
2,36,1,1,157,500,0,1,3
2,32,2,1,49,500,0,1,3
2,31,2,1,304,500,0,0,2
1,34,2,1,107,500,1,0,2
2,31,2,1,33,500,0,0,4
2,30,2,1,84,500,0,0,3
1,36,2,1,21,55,0,0,4
2,30,1,1,86,183,0,0,2
1,30,1,1,114,398,0,0,4
2,32,2,1,198,500,0,1,4
1,36,1,1,66,61,0,0,3
2,36,2,1,419,369,0,0,3
2,36,2,1,29,203,0,0,3
2,31,2,1,53,27,0,0,4
2,32,1,1,62,237,1,1,4
1,33,1,1,152,443,0,0,4
2,31,2,1,49,500,0,0,4
2,32,1,1,9,172,0,0,2
1,33,2,1,185,500,0,1,3
1,32,2,0,252,500,0,0,3
1,30,2,0,200,500,0,0,3
2,40,2,1,166,500,0,0,4
2,30,2,1,213,252,0,1,4
1,34,2,1,130,500,0,1,4
2,34,2,0,98,500,0,0,3
1,33,2,1,260,425,0,1,5
1,33,1,1,338,500,0,1,3
1,30,1,1,112,177,0,0,4
1,30,1,1,414,103,1,1,3
1,34,1,1,66,500,1,0,2
2,34,1,1,313,95,1,1,4
1,31,1,1,85,60,1,0,3
2,40,1,1,121,26,0,0,2
1,34,2,1,54,109,0,1,3
2,35,2,0,75,174,1,1,4
2,32,2,1,28,247,1,0,1
1,30,2,0,88,32,1,1,4
1,30,2,1,127,19,1,0,2
2,32,2,1,155,158,1,1,4
2,31,2,1,94,500,1,0,4
1,31,2,1,180,500,1,0,5
1,31,2,1,190,56,1,0,4
1,28,2,1,29,428,1,0,3
2,30,2,1,116,150,1,0,4
1,33,1,1,149,83,1,1,4
1,35,2,1,154,500,0,0,1
2,35,2,1,28,200,0,1,4
2,35,1,1,221,384,0,0,3
1,35,1,1,89,225,0,1,5
1,32,1,0,16,500,0,0,2
2,35,1,1,318,158,0,0,3
2,33,2,0,59,428,0,0,1
2,33,2,1,137,500,0,1,5
1,30,1,1,58,282,0,0,2
2,33,1,1,127,321,1,0,4
1,31,2,1,165,371,0,1,4
2,30,2,1,314,154,0,0,4
2,32,2,1,300,500,0,0,5
1,36,2,0,29,500,0,0,4
1,31,2,1,73,324,1,1,4
1,33,2,1,84,242,1,0,4
1,34,2,1,132,172,1,1,4
1,31,2,1,172,109,1,1,3
1,35,2,1,319,500,1,0,3
1,33,1,1,133,359,0,0,4
1,33,2,1,197,388,0,1,5
1,32,2,1,42,500,0,1,4
1,33,1,1,56,37,1,0,5
1,34,2,0,68,86,1,0,5
1,31,2,1,167,138,1,0,4
1,34,2,1,138,236,1,0,2
1,36,2,1,69,49,1,0,4
1,33,2,1,125,273,1,1,4
2,36,2,1,77,190,1,0,1
1,33,2,1,116,22,1,0,2
1,35,2,1,28,172,1,0,3
1,31,2,1,70,66,1,0,4
2,35,1,1,152,500,1,0,2
1,32,1,1,21,500,1,0,2
1,34,2,1,178,202,1,1,4
2,34,1,1,182,829,1,0,3
1,32,2,1,116,500,1,0,4
2,32,1,1,56,500,1,0,3
1,31,2,1,85,132,1,0,2
1,33,2,1,156,162,1,1,3
1,33,2,1,64,135,1,0,2
1,35,2,1,20,470,1,0,2
1,30,2,1,185,95,1,1,3
2,33,1,1,186,89,0,0,2
1,34,1,1,103,254,0,1,5
1,35,1,1,170,500,0,1,3
1,34,2,1,84,500,0,0,1
1,32,1,0,328,438,0,1,4
2,30,2,1,199,500,0,1,4
2,32,2,1,169,500,0,1,2
2,34,1,1,103,500,0,1,3
2,31,2,1,149,500,0,0,3
2,31,2,1,283,500,0,0,2
2,36,1,1,107,500,0,1,4
1,36,1,1,207,500,0,1,3
1,31,1,1,313,74,1,0,2
2,34,2,1,168,370,1,0,3
2,30,2,1,15,279,1,0,2
2,33,2,1,62,500,1,0,1
1,35,2,1,297,140,1,1,5
2,33,2,1,258,273,0,1,4
2,36,2,1,109,130,1,1,3
1,35,1,1,107,500,0,0,3
2,31,2,1,42,500,0,0,1
2,32,2,1,216,58,0,1,3
1,40,2,1,292,33,0,1,3
2,41,2,1,20,279,0,0,4
2,32,2,1,151,500,0,0,1
2,35,2,1,99,155,0,0,4
2,32,2,1,139,295,0,0,3
1,31,2,1,286,317,0,1,1
2,33,2,1,170,380,0,0,3
2,32,1,1,142,500,0,1,4
1,36,1,0,68,500,0,1,3
2,33,1,0,166,500,0,1,4
1,31,1,1,31,500,0,0,4
1,32,1,0,107,500,0,0,1
2,33,1,0,29,500,0,0,1
2,32,1,0,356,500,1,0,4
2,31,1,0,3,500,0,0,4
2,32,1,0,162,500,0,1,5
1,31,1,1,48,500,0,0,4
2,31,1,0,84,500,0,0,2
2,32,1,0,104,500,1,0,3
1,34,1,1,167,500,0,1,5
1,34,1,0,134,500,0,1,5
1,30,2,0,249,500,0,1,5
1,31,1,1,81,500,0,0,3
1,36,2,1,108,96,1,1,4
1,31,1,1,77,4,1,1,4
2,32,1,1,70,149,1,0,3
2,35,2,1,180,88,1,1,3
2,32,1,0,51,85,0,0,2
2,32,1,1,72,130,1,0,4
2,28,1,0,7,213,1,0,1
2,33,2,1,94,225,1,0,3
2,33,2,1,34,189,0,0,2
1,30,1,0,15,447,1,0,2
2,33,2,0,91,500,1,1,3
1,31,2,1,5,130,1,0,2
1,33,1,0,43,295,1,1,5
2,31,1,1,123,411,1,0,2
2,31,2,1,14,500,0,0,1
1,33,1,1,83,500,0,0,3
1,30,1,0,66,500,0,1,2
2,32,1,0,7,500,0,0,1
1,32,1,0,165,500,0,0,5
2,32,1,1,69,500,1,1,3
1,35,1,1,96,500,1,1,4
1,34,1,1,85,408,1,1,3
1,30,1,0,220,500,0,0,5
2,33,2,1,101,166,1,0,3
1,31,1,1,53,331,1,0,3
1,34,2,1,145,500,1,1,3
2,35,2,1,127,500,0,0,2
1,33,2,1,51,500,1,1,4
2,31,1,0,170,500,0,1,3
1,31,1,0,44,327,0,0,3
1,29,2,1,143,270,0,0,2
1,35,1,0,95,500,0,0,2
1,32,1,0,181,500,1,0,2
2,31,2,1,163,500,0,1,1
1,32,2,0,170,422,0,0,3
1,34,1,1,107,500,0,0,3
1,32,2,1,270,233,0,0,5
2,28,2,0,175,500,1,1,4
1,34,1,1,189,82,1,0,4
1,35,1,0,134,500,1,1,3
2,33,1,1,45,311,1,0,1
2,34,2,1,25,500,0,1,3
2,36,1,1,20,37,1,0,3
1,34,2,1,13,22,1,0,1
2,30,2,1,35,88,1,0,1
2,34,2,1,21,54,1,0,1
1,32,1,1,71,89,1,1,3
1,31,1,1,164,500,1,0,2
2,29,2,1,32,500,0,0,2
2,31,1,1,60,500,0,0,3
1,32,2,1,50,500,1,0,2
1,38,1,1,47,500,1,1,2
2,30,2,1,58,138,1,0,3
2,36,1,0,38,500,0,0,2
1,33,2,1,86,306,1,0,3
1,31,2,0,187,71,1,1,3
1,30,1,1,5,500,0,0,1
2,37,2,1,63,500,1,0,2
1,34,1,1,52,491,0,0,3
2,30,2,1,25,490,0,0,2
1,37,1,1,20,471,0,0,2
2,39,1,1,30,107,1,1,2
2,33,1,1,42,79,0,0,2
2,31,2,1,47,500,1,0,2
2,44,1,1,65,152,1,0,5
1,45,1,1,87,500,0,1,3
1,34,2,1,41,204,0,0,3
1,31,2,1,28,95,1,1,2
1,51,1,1,62,500,0,1,4
1,35,1,1,41,243,1,0,3
2,43,1,1,137,500,0,0,4
1,29,2,1,20,78,1,0,2
1,34,2,1,82,500,1,1,4
1,36,2,1,45,500,0,0,2
2,32,2,1,51,500,1,1,3
1,30,2,0,36,138,0,0,3
1,33,2,0,7,47,0,0,2
1,31,2,1,26,287,1,0,2
1,30,2,1,74,209,1,0,2
2,33,2,1,56,500,1,1,2
1,33,2,1,60,29,1,0,1
2,32,2,1,49,47,1,0,2
2,31,1,1,43,500,0,0,3
1,32,2,1,16,61,1,1,1
1,28,2,1,12,46,0,0,1
2,32,2,1,16,500,1,0,2
2,28,2,1,44,500,1,0,2
1,32,2,1,78,500,0,0,5
1,35,2,1,117,500,0,0,3
1,35,2,1,35,500,0,0,3
1,32,2,1,81,500,1,0,3
2,34,2,1,41,500,1,0,3
1,32,2,1,28,500,1,0,4
1,27,2,1,83,500,1,0,3
2,29,2,1,67,500,1,1,2
1,34,2,1,93,500,0,0,4
1,29,2,1,63,500,0,0,2
1,30,2,1,57,500,1,1,4
2,37,1,1,76,500,0,0,3
2,34,2,1,40,500,0,0,2
2,34,2,1,51,500,0,0,2
1,33,2,1,33,500,1,1,3
2,36,2,1,31,500,1,0,4
2,35,2,1,97,500,0,0,5
2,31,2,1,72,500,0,0,4
2,35,2,1,31,500,1,1,4
2,35,2,0,49,500,0,0,3
1,38,2,1,77,500,1,0,4
1,35,2,1,86,500,1,0,3
1,32,2,1,53,500,0,0,3
1,34,2,1,77,500,0,1,3
2,31,2,1,104,500,0,0,3
2,33,2,1,69,500,0,1,4
1,39,1,1,40,500,1,1,3
1,33,2,1,113,500,0,0,4
1,30,2,1,91,500,0,0,4
1,30,2,1,56,500,0,0,2
2,30,2,1,68,500,1,1,4
1,35,2,1,61,500,0,0,3
1,31,2,1,51,500,0,1,2
2,32,2,1,87,500,0,0,3
2,33,2,1,32,500,1,0,2
2,33,2,1,70,500,1,0,3
2,36,2,1,51,500,0,1,3
1,34,1,1,60,500,0,0,3
1,31,2,1,55,500,0,1,4
2,31,2,1,32,500,0,0,2
1,31,2,1,64,136,1,1,3
2,28,2,1,15,500,0,0,3
2,30,2,1,37,500,1,1,2
1,30,2,1,25,500,1,0,3
1,35,2,1,29,500,0,0,3
1,32,2,1,54,500,1,0,3
1,34,2,1,53,500,0,1,4
2,42,1,1,49,500,0,1,4
2,32,2,0,11,150,1,0,1
1,34,2,1,103,500,0,1,4
1,31,2,0,104,459,1,1,5
2,31,2,1,75,500,0,0,4
1,32,2,0,13,500,0,0,3
2,31,2,1,57,500,1,0,3
2,32,2,1,50,466,1,1,3
2,32,2,1,36,440,0,0,2
2,31,2,1,39,366,0,0,4
2,34,2,1,47,500,0,0,4
1,35,2,1,49,95,1,0,2
1,34,1,0,119,500,1,1,3
2,32,1,1,181,466,1,1,2
2,31,2,1,33,133,1,0,3
2,35,2,1,15,137,1,0,3
1,30,1,1,28,120,1,0,3
2,32,1,1,94,120,1,0,4
2,31,2,0,12,106,0,0,4
1,32,2,1,77,164,1,1,2
2,31,1,0,3,62,1,0,2
1,32,2,1,16,89,1,0,3
2,33,2,0,3,83,1,0,2
2,33,2,0,20,147,1,0,3
2,34,1,1,69,130,0,0,4
2,31,1,1,76,73,1,0,2
2,30,1,1,100,194,1,0,3
2,33,2,0,4,35,1,0,2
1,31,2,0,6,51,1,0,3
2,33,2,1,29,104,1,1,3
1,34,2,1,39,63,1,0,3
2,33,2,1,85,500,1,0,3
2,32,1,0,27,89,1,0,3
2,30,1,1,75,133,1,1,3
2,36,2,1,22,11,1,1,3
2,34,1,0,2,30,0,0,2
2,31,1,1,21,95,1,0,3
2,38,1,1,45,2,1,0,2
2,32,1,1,55,312,1,1,3
2,32,2,0,3,0,1,0,2
2,34,1,1,66,260,1,0,3
2,35,1,1,43,77,1,0,3
2,31,2,1,96,7,0,0,3
2,32,2,1,56,20,0,1,3
1,31,1,0,81,50,0,1,5
2,31,2,0,8,74,1,0,2
2,30,1,1,131,105,1,0,2
1,28,2,1,97,26,1,0,2
2,34,2,1,30,179,1,0,2
1,33,1,0,4,500,1,0,2
1,40,1,1,65,206,1,0,3
1,33,2,1,86,105,1,0,3
2,32,1,1,39,10,1,1,3
2,36,2,1,14,17,1,0,2
2,31,2,1,35,7,1,1,3
2,32,1,0,6,3,1,0,2
2,34,1,1,53,25,1,1,3
1,34,1,1,6,36,1,0,3
2,34,1,1,136,88,0,0,3
2,31,2,0,11,28,1,0,3
1,35,1,0,35,57,1,0,4
2,32,1,1,17,2,1,0,2
2,31,2,1,15,140,1,0,4
1,31,1,0,23,6,1,0,5
2,29,1,0,36,500,0,1,5
2,32,1,1,36,72,0,1,3
2,32,1,1,61,500,1,0,2
2,32,1,0,68,500,0,0,4
1,31,1,0,228,500,0,1,5
1,31,1,0,3,500,0,0,3
1,33,2,0,149,437,0,0,3
1,33,2,1,100,500,0,1,2
2,32,1,0,147,500,0,0,3
1,34,1,0,28,500,0,0,3
1,32,1,0,252,500,0,1,4
1,30,1,1,161,500,1,0,3
1,32,1,1,85,500,0,1,3
1,33,1,0,220,500,0,1,3
1,35,1,1,195,500,0,1,4
1,35,1,0,117,500,0,0,3
1,30,1,1,104,500,0,0,4
1,32,2,1,70,500,0,0,3
1,31,1,0,154,500,0,0,4
1,32,1,1,196,500,0,1,5
2,31,2,0,144,500,1,0,4
2,33,1,0,142,500,0,1,5
2,31,1,0,223,500,0,1,5
2,31,1,1,105,500,1,1,4
2,33,1,1,89,500,0,0,3
1,33,1,0,98,500,0,0,2
2,31,1,0,93,500,0,0,1
2,31,1,1,148,500,0,0,2
2,30,1,1,49,500,1,0,2
1,31,2,1,92,499,1,1,2
1,31,1,1,170,500,0,1,4
1,36,1,0,113,486,0,1,4
1,31,2,0,86,392,1,1,3
1,32,2,0,28,288,1,0,3
2,34,1,1,62,290,0,0,3
1,31,2,0,132,500,1,1,3
1,30,1,0,240,500,1,1,5
1,32,1,0,57,500,0,0,1
1,31,2,0,68,500,0,0,3
1,35,1,0,228,500,0,0,4
1,30,1,1,145,500,1,1,3
1,31,1,1,27,500,0,0,2
1,33,1,1,143,500,1,0,2
2,31,1,0,216,500,1,1,4
1,31,1,0,153,500,1,0,3
1,37,2,0,210,500,1,0,5
2,35,1,0,236,500,0,1,4
2,33,2,0,91,500,1,0,3
1,30,1,1,24,226,0,0,2
1,32,1,0,48,366,1,1,4
1,33,1,0,3,27,1,0,1
1,30,2,0,250,500,0,0,4
2,35,1,1,47,500,1,1,3
1,32,1,1,183,500,1,1,3
2,33,1,0,172,500,1,1,4
1,33,1,1,188,500,1,1,3
1,32,1,0,122,500,0,1,4
1,31,1,0,132,347,1,0,3
1,31,1,0,121,245,0,0,2
1,35,1,1,135,500,1,1,3
1,29,1,0,121,500,1,1,4
2,32,2,0,184,500,0,0,5
1,30,1,0,58,500,0,0,2
2,35,2,1,203,500,1,1,3
2,32,2,0,48,500,0,0,3
1,35,1,1,127,500,1,1,4
2,32,1,0,45,500,0,0,2
2,32,1,0,57,500,0,0,2
1,32,1,0,192,500,0,1,5
1,32,2,1,83,500,1,0,2
1,31,1,1,240,500,0,0,3
2,32,1,1,45,193,0,0,5
2,31,1,0,74,500,0,0,2
1,34,1,0,417,305,1,0,3
2,33,2,1,218,500,1,1,3
1,33,1,1,165,500,0,0,2
1,33,2,1,172,500,1,1,4
2,34,2,0,25,500,0,0,2
1,31,1,1,50,500,1,0,2
1,31,1,1,232,500,1,0,5
2,31,2,1,85,500,1,0,2
1,32,1,1,58,65,1,0,2
1,34,1,1,37,40,1,0,3
1,36,1,0,25,82,0,0,3
1,33,1,1,252,500,0,1,5
1,35,1,1,40,500,1,1,3
1,35,1,0,75,500,0,1,5
1,32,1,1,33,500,0,0,2
1,33,1,0,197,500,0,0,3
2,33,1,1,66,500,0,0,2
2,35,1,1,38,248,0,0,2
2,34,2,0,62,500,0,0,3
2,31,1,0,3,112,1,0,2
1,31,1,1,45,343,0,0,3
1,34,1,1,74,232,0,0,3
1,30,1,0,18,169,0,0,2
1,31,1,1,171,500,0,1,3
2,32,1,1,40,500,1,0,1
1,35,1,1,50,384,1,0,4
1,33,2,1,180,90,0,1,5
1,29,1,1,80,383,1,1,2
2,32,2,1,27,219,1,0,2
1,31,1,1,75,265,0,1,1
1,34,1,0,65,500,1,1,4
1,30,1,0,65,500,0,0,1
2,35,1,1,48,121,1,0,2
2,33,1,0,45,284,0,1,3
2,31,1,1,151,500,0,1,4
1,36,1,0,6,177,1,0,2
1,36,2,0,35,320,0,1,3
1,33,2,1,23,136,1,1,3
1,36,1,1,56,312,0,1,3
2,35,1,0,129,500,0,0,2
2,32,2,1,23,199,1,0,2
1,35,2,1,190,33,1,1,4
2,32,2,1,28,143,1,0,2
1,34,2,1,28,57,0,1,3
2,33,2,1,16,70,1,0,2
2,33,1,1,39,68,1,1,3
2,30,1,0,15,2,1,0,2
2,34,1,1,140,13,1,0,5
2,31,1,0,18,32,1,0,2
1,35,1,1,32,102,1,0,2
2,31,1,0,24,487,1,0,2
1,33,1,1,76,283,1,0,3
1,31,2,1,123,62,1,0,3
1,31,1,0,41,500,1,0,2
2,32,1,1,84,500,1,0,2
1,34,1,1,121,500,0,0,2
1,30,1,1,113,59,1,0,4
1,32,1,1,22,92,0,0,2
1,32,2,1,67,298,1,0,3
1,35,1,1,31,220,1,0,3
2,33,1,1,41,221,1,0,3
2,32,1,0,48,500,0,0,2
1,32,1,1,52,97,1,1,3
1,33,2,0,1,500,0,0,1
2,32,2,1,44,214,0,0,2
1,31,2,1,85,407,1,1,4
2,34,1,0,33,319,0,0,3
2,33,2,0,206,34,1,1,5
2,35,1,1,83,89,1,0,2
1,32,2,1,142,117,1,1,4
2,33,1,0,6,479,0,0,1
1,31,2,1,12,165,0,0,2
1,31,2,1,58,106,1,0,2
2,32,1,0,80,229,1,1,4
1,33,1,1,70,128,1,1,4
2,35,2,0,30,70,0,0,2
1,30,2,1,39,325,1,0,1
2,35,2,0,4,301,1,0,2
1,33,2,1,28,35,0,0,1
1,31,1,1,30,147,1,0,3
1,33,2,1,58,50,1,0,2
1,30,1,0,23,384,0,0,2
1,32,2,0,107,78,1,0,2
2,31,1,0,4,256,1,0,1
2,29,1,1,30,327,0,0,2
2,31,2,1,26,103,0,0,2
2,31,2,1,29,500,1,0,2
1,31,2,1,49,90,1,0,2
2,31,2,1,18,105,1,0,2
2,31,1,1,13,460,0,0,2
1,30,2,1,19,293,1,0,2
1,31,1,1,22,157,0,1,3
2,32,2,1,74,500,1,0,3
1,33,2,0,6,77,1,0,2
1,33,2,1,2,49,1,0,2
1,36,1,0,155,500,1,1,4
2,33,1,1,49,74,1,1,3
1,31,1,0,99,331,0,0,2
1,30,1,0,34,257,0,0,1
1,33,2,0,3,117,0,0,2
1,30,2,1,18,109,1,0,2
2,31,1,1,16,42,0,0,1
1,30,2,1,54,163,1,1,3
2,34,1,0,25,57,1,0,1
2,33,1,1,26,271,0,0,1
2,31,2,0,32,88,0,0,2
1,31,1,0,7,19,0,0,2
1,34,1,1,41,42,1,0,2
2,33,2,1,88,44,1,1,3
1,30,1,1,122,500,1,0,2
1,31,1,0,156,500,0,0,2
1,33,1,0,233,500,1,1,5
1,33,1,0,54,500,0,0,2
1,32,1,0,225,500,1,1,5
2,30,1,0,44,500,0,0,2
1,30,1,1,68,500,0,0,2
1,31,1,0,256,500,1,0,3
2,32,2,0,105,500,1,0,2
1,32,2,1,102,216,1,1,3
1,34,1,1,87,500,1,0,2
1,30,1,0,40,500,0,0,2
1,37,1,1,43,500,1,0,2
1,33,2,1,61,351,0,1,3
1,35,2,0,13,399,1,0,2
1,35,1,1,41,500,1,0,2
1,35,2,1,24,340,0,0,2
1,31,1,1,342,261,1,1,3
1,31,1,1,112,500,1,1,3
2,32,1,1,123,291,1,0,4
1,33,1,0,44,429,1,1,3
2,35,1,1,70,500,1,0,3
2,29,1,1,37,389,0,1,4
1,32,1,0,90,193,1,1,4
1,35,2,0,68,500,1,0,3
2,34,1,1,50,265,1,0,4
1,32,2,1,99,493,1,1,4
1,31,1,1,31,296,1,1,3
1,32,2,1,60,500,1,1,3
1,32,1,1,60,125,1,0,2
2,31,2,1,91,479,0,1,3
2,32,2,1,78,193,1,0,2
2,33,1,1,129,77,1,0,4
1,31,2,0,157,144,1,0,1
2,31,1,1,33,500,1,0,2
1,34,1,0,4,288,1,0,2
1,33,1,1,35,237,1,0,3
1,41,1,1,92,175,0,0,4
2,31,1,0,168,411,1,1,4
2,32,2,1,157,369,1,1,3
1,31,1,1,52,273,1,0,2
1,35,2,0,108,500,1,0,3
1,34,2,1,15,500,1,0,3
1,33,2,1,19,432,1,0,3
1,31,1,1,154,500,0,0,4
2,32,1,1,78,69,0,0,2
2,29,2,1,21,387,1,0,3
2,30,1,1,115,56,1,0,4
2,31,2,0,51,500,1,0,4
2,32,1,1,79,129,1,1,4
2,32,1,1,116,124,1,0,3
2,36,1,1,10,500,1,0,3
2,31,2,1,88,500,1,0,3
1,31,2,0,151,399,1,1,4
1,34,2,0,24,500,0,0,3
2,33,2,1,24,269,1,0,3
2,32,2,1,72,368,1,1,4
1,33,1,1,50,500,0,0,4
2,33,1,0,51,500,0,1,4
1,32,2,1,75,126,1,0,4
2,30,2,1,65,346,1,0,3
2,35,1,1,48,155,1,0,2
2,30,1,1,122,178,0,1,3
1,30,2,1,32,425,1,1,3
2,31,1,0,5,384,1,0,2
1,30,2,1,42,205,1,0,3
2,30,1,1,10,500,1,0,3
2,32,2,1,160,407,1,1,4
1,26,2,1,64,193,1,1,3
2,31,2,1,27,95,0,0,2
1,33,2,0,3,19,1,0,2
2,35,1,0,44,500,0,0,4
1,30,1,0,101,500,1,1,4
2,33,1,0,5,500,0,0,1
2,34,1,1,29,95,1,0,3
1,33,1,1,227,500,0,1,4
1,29,1,0,77,308,0,0,4
2,31,1,0,224,420,0,1,4
2,29,2,1,50,334,0,0,2
2,33,2,1,16,45,1,0,2
1,33,2,1,278,87,1,1,3
1,30,1,1,65,66,0,1,3
2,31,2,1,24,452,1,0,3
2,36,1,1,170,129,1,0,2
1,31,1,1,65,9,0,0,4
1,30,1,1,34,77,0,0,2
1,32,2,0,7,18,1,0,2
1,32,2,0,4,29,1,0,2
2,34,2,0,3,27,1,0,1
2,31,2,1,80,500,1,0,3
2,34,1,1,144,500,0,1,4
2,34,1,1,119,345,1,1,4
1,33,2,0,160,465,1,0,3
1,32,1,1,97,491,0,0,3
2,32,1,1,95,500,0,0,4
1,35,2,1,73,23,0,1,4
2,30,2,1,12,123,0,0,2
1,32,1,1,168,500,0,0,3
1,29,1,1,21,414,1,0,4
2,33,2,1,117,17,1,0,4
1,32,1,1,78,92,0,0,4
1,30,1,1,39,397,0,0,3
1,31,2,1,9,73,1,0,2
2,31,2,0,26,200,1,0,2
1,37,2,1,37,165,0,1,3
1,34,2,0,2,153,1,0,2
2,32,1,1,19,106,1,0,3
2,31,2,1,44,500,1,0,3
1,33,2,0,11,55,1,0,2
1,32,2,1,74,199,1,1,3
2,32,2,1,125,500,0,0,2
2,31,1,1,56,76,1,1,3
2,32,1,0,100,132,0,0,4
1,35,1,0,3,179,1,0,2
2,33,1,1,127,500,1,0,4
1,30,1,1,25,81,0,0,2
2,30,2,0,3,93,1,0,2
1,35,1,1,10,93,1,0,2
1,30,2,1,22,289,1,0,2
2,33,1,0,6,163,0,0,2
2,31,1,1,41,7,1,1,3
1,32,1,1,34,234,1,1,4
2,30,2,1,71,256,1,0,2
1,31,2,1,66,142,1,1,3
2,36,2,1,72,483,1,0,2
2,33,1,0,10,7,0,0,3
2,30,1,1,138,8,0,1,4
2,33,2,0,54,479,1,0,3
2,31,1,1,58,77,0,1,4
2,35,2,0,2,15,1,0,2
1,33,1,1,58,115,1,1,4
2,35,1,1,42,64,1,0,3
1,31,2,0,58,104,1,0,3
1,30,2,1,37,51,1,1,3
1,33,1,0,41,500,1,0,3
1,33,1,1,19,212,1,0,2
1,35,1,0,9,128,1,0,2
2,29,1,1,109,478,0,1,3
1,31,1,0,164,335,1,0,3
1,32,2,1,24,241,0,0,3
2,33,1,1,49,37,1,1,3
1,31,2,1,108,82,1,1,3
1,32,2,1,16,170,1,0,2
1,30,1,1,36,158,1,0,2
1,34,1,0,78,296,1,0,3
2,30,1,1,78,127,1,1,3
2,31,2,0,58,374,1,1,2
2,36,1,1,44,29,1,1,4
2,31,2,1,20,43,1,0,2
2,30,2,1,83,3,0,1,3
2,33,1,0,23,275,1,0,4
2,30,2,1,14,46,1,0,2
1,28,2,1,22,60,0,0,3
2,34,2,1,31,411,1,0,2
2,32,1,1,45,104,0,0,3
1,30,2,1,27,153,1,0,3
1,30,1,1,145,202,0,1,5
1,37,1,1,9,12,1,0,3
2,32,2,1,37,500,0,0,2
1,31,1,1,57,246,0,0,3
2,31,1,1,64,222,1,0,2
2,33,2,1,76,92,1,0,2
1,31,2,1,10,1,0,0,3
2,29,1,1,79,202,0,1,3
1,32,1,1,30,144,0,0,3
1,35,1,1,45,58,1,0,3
1,32,1,1,78,7,1,1,2
1,35,1,0,121,500,0,0,2
1,33,2,1,106,320,0,0,2
2,35,1,1,153,98,1,0,3
1,29,1,0,11,160,0,0,2
2,36,1,0,153,500,0,0,3
2,33,1,1,66,500,0,0,3
1,34,1,1,87,135,0,1,3
1,30,1,1,55,92,1,1,2
1,31,1,1,72,8,1,1,2
1,30,2,1,32,301,0,0,2
2,32,1,1,71,158,0,0,4
1,34,1,1,137,105,1,1,4
2,34,2,0,20,69,1,0,2
1,32,1,0,4,500,0,0,1
2,35,1,0,109,222,0,0,2
1,31,2,0,178,500,1,1,4
2,35,1,0,4,37,1,0,1
2,35,2,1,139,106,0,1,4
2,35,1,0,4,167,1,0,1
2,32,1,0,2,18,1,0,2
1,34,1,0,18,319,1,0,2
2,31,1,1,19,56,0,0,2
1,32,2,0,9,2,1,0,2
2,33,2,1,9,75,1,0,1
1,31,1,1,34,41,1,0,2
2,35,1,0,61,425,1,0,2
2,36,2,0,9,16,0,1,2
1,32,1,0,60,20,1,1,2
2,35,1,0,15,57,1,0,2
2,33,1,1,141,73,1,1,2
2,30,2,0,2,104,1,0,1
1,35,1,0,48,500,1,1,2
2,36,1,0,5,155,1,0,1
1,32,1,0,48,500,1,0,2
2,31,2,0,79,500,1,1,1
2,32,1,0,8,82,1,0,1
2,35,1,0,4,393,0,0,2
1,31,2,0,32,151,1,1,2
1,34,2,0,44,86,1,1,3
1,32,1,0,155,465,1,1,4
1,35,1,1,134,500,1,1,3
2,31,1,1,77,500,1,0,1
2,31,1,0,14,193,0,0,3
2,33,1,1,69,121,0,0,3
2,29,2,1,78,236,0,0,3
1,34,2,1,23,447,1,0,1
2,29,2,1,28,500,1,0,1
2,31,2,1,94,500,1,1,2
2,32,1,1,100,56,1,0,2
1,31,1,1,33,500,1,1,2
2,30,1,1,159,500,1,1,2
2,31,2,1,104,500,0,0,2
1,34,1,1,77,500,0,1,2
2,31,1,1,12,500,0,0,3
2,30,1,1,222,500,0,0,2
2,30,2,1,16,500,0,0,3
2,35,1,0,77,500,0,0,3
2,32,1,1,187,500,0,0,2
2,33,1,1,26,500,1,0,1
2,33,1,1,42,500,1,0,1
2,33,2,1,73,346,1,1,2
2,33,2,0,10,65,0,0,1
2,32,1,1,71,500,1,0,2
1,31,2,1,105,500,0,1,2
1,31,2,1,11,54,1,0,2
1,30,2,1,86,292,1,0,2
1,32,1,1,102,500,1,1,3
1,33,1,1,67,500,1,0,3
1,34,2,1,31,500,1,0,2
2,33,1,1,59,500,1,0,2
2,32,1,1,83,173,1,0,2
2,29,1,1,181,500,0,1,2
1,30,2,0,15,500,0,0,2
2,31,1,0,79,500,0,1,4
1,36,1,1,22,197,1,0,2
2,31,1,1,22,212,1,1,2
2,30,2,0,10,500,0,0,2
1,32,2,1,26,265,1,0,2
1,32,1,1,145,500,1,0,3
2,30,1,1,87,223,1,1,3
1,36,1,1,41,377,1,1,4
2,30,2,1,23,33,1,0,2
1,32,2,1,23,240,1,0,3
1,30,2,1,31,500,1,0,2
2,33,2,1,20,500,0,0,2
2,30,2,1,69,500,0,0,4
1,33,2,1,26,500,1,0,3
2,34,2,1,62,174,1,1,2
2,33,1,1,20,184,0,0,2
2,31,1,1,13,123,0,0,2
2,34,1,0,109,500,0,0,3
2,31,2,1,60,500,1,0,2
2,34,1,1,147,500,0,1,2
1,32,2,1,25,84,0,0,3
2,32,1,1,26,67,1,0,2
2,32,2,1,90,47,0,0,2
1,34,1,1,11,192,0,0,2
2,30,1,0,464,500,0,1,3
2,33,1,0,33,134,1,0,3
1,33,1,1,11,22,1,0,2
2,36,1,0,49,121,0,0,3
1,33,1,1,12,33,1,0,2
1,36,2,1,11,21,1,0,2
1,33,2,1,23,34,0,0,2
2,30,1,1,37,97,1,1,2
2,31,2,1,68,151,0,0,2
1,31,1,1,37,76,1,0,2
1,29,2,1,48,138,0,1,2
1,33,1,1,20,82,1,0,2
2,30,1,1,62,30,1,1,2
1,33,1,1,44,33,1,0,2
2,31,2,0,20,172,1,0,3
1,32,2,0,68,341,0,0,2
2,31,2,1,101,42,1,1,2
2,32,2,0,90,36,0,1,2
1,32,2,0,6,8,0,0,1
1,32,2,1,39,138,1,1,2
1,31,1,1,83,21,1,1,2
1,32,2,1,32,37,1,0,2
2,33,2,1,49,18,0,0,2
2,32,2,0,3,2,0,0,1
2,34,1,1,53,22,1,1,2
2,34,2,1,17,365,1,0,1
1,31,1,1,163,392,1,0,3
2,33,1,1,43,128,1,0,3
2,30,2,1,53,68,0,0,3
1,30,2,1,210,18,0,1,3
1,30,1,1,36,500,0,0,2
2,30,2,1,51,48,1,1,3
1,36,2,1,23,115,0,0,1
2,31,1,0,40,243,0,0,2
1,33,1,1,53,37,1,1,4
1,32,2,1,42,133,1,0,2
2,33,2,1,56,282,1,0,3
1,32,2,0,86,121,0,0,3
1,32,1,1,36,50,0,0,2
2,34,2,0,49,85,0,1,2
2,34,1,1,44,43,1,0,2
2,35,1,1,48,367,1,1,2
2,32,1,1,35,11,1,0,3
1,32,2,1,22,5,1,0,2
1,32,1,1,17,69,0,0,3
2,30,2,1,45,43,1,0,2
2,31,1,1,24,196,1,0,2
2,33,2,1,24,500,1,0,2
2,30,2,1,29,53,1,0,2
2,33,2,0,28,500,1,0,3
2,32,2,1,140,197,0,1,2
2,35,2,0,47,500,0,0,2
1,30,1,1,128,500,1,0,2
2,35,2,1,42,500,0,0,2
1,28,1,1,14,103,1,0,2
2,34,1,1,147,449,0,0,2
1,31,1,1,20,115,1,0,2
2,33,1,0,45,93,1,0,2
1,33,1,0,163,500,1,0,4
1,31,2,0,127,231,1,1,4
1,32,1,0,48,500,0,0,2
2,34,1,1,58,55,1,1,4
1,35,2,0,3,61,1,0,1
2,30,1,0,105,500,0,0,2
2,30,1,1,97,500,0,0,2
2,33,1,1,60,125,1,0,2
2,32,1,0,22,500,0,0,3
1,31,2,1,57,500,1,0,2
1,33,2,0,22,142,0,0,3
2,35,1,0,3,24,1,0,1
2,36,1,1,42,37,0,0,2
2,32,2,0,7,26,1,0,2
2,31,1,0,5,38,1,0,2
1,34,2,1,79,139,1,0,2
2,35,1,1,71,111,1,1,2
2,30,2,1,45,500,1,1,2
2,33,1,1,20,12,1,0,3
1,32,1,1,48,123,0,0,3
1,31,2,1,15,25,1,0,2
1,32,2,1,62,201,0,0,3
2,34,2,0,4,30,0,0,1
2,33,2,1,82,127,0,0,2
1,32,2,1,23,323,0,0,1
2,31,2,1,113,53,1,0,2
2,32,1,0,31,14,1,0,1
1,31,1,0,124,93,1,0,3
1,32,2,1,49,53,1,1,2
1,29,1,1,16,145,0,0,1
2,32,2,1,12,2,1,0,2
1,30,2,1,26,1,1,0,2
2,31,1,0,79,176,0,0,2
2,35,2,0,22,118,1,0,2
1,31,2,1,25,85,0,0,2
2,33,2,1,26,78,0,0,2
2,31,2,1,73,33,0,1,3
1,32,2,0,52,119,1,0,4
1,35,1,0,4,3,1,0,1
1,34,2,1,10,90,1,0,1
2,36,2,0,5,272,0,0,2
2,33,1,1,205,500,0,1,4
2,32,1,0,4,6,1,0,1
1,31,1,1,27,133,0,0,2
1,33,1,0,70,500,0,1,4
2,31,1,0,300,475,1,0,4
2,32,1,1,109,500,1,1,2
2,32,1,1,55,121,0,0,2
1,32,2,1,11,227,1,0,2
1,31,1,0,45,266,0,0,3
1,33,2,1,24,6,0,0,3
1,36,2,1,60,347,1,1,2
1,32,2,0,92,250,0,0,3
1,35,1,1,145,192,0,1,2
1,32,1,1,104,469,1,0,4
2,30,1,1,71,500,1,0,4
1,34,2,1,31,130,0,0,1
2,35,1,1,120,500,1,0,4
2,33,2,1,129,500,0,0,1
1,33,2,1,80,132,1,0,2
2,32,1,1,194,373,1,1,4
1,36,1,1,151,500,0,1,4
2,34,1,1,28,476,0,0,3
1,31,2,1,13,84,1,0,1
2,29,1,0,183,500,1,0,4
2,32,1,1,146,430,1,0,4
2,31,1,0,139,500,0,1,4
2,31,1,1,175,500,0,1,2
1,30,2,1,61,149,0,1,3
2,31,1,0,85,500,1,1,4
1,31,1,1,151,213,1,1,4
2,30,1,1,29,291,0,0,2
1,35,1,1,121,500,0,0,3
1,31,1,1,36,500,1,0,4
1,30,1,1,87,130,1,1,3
2,32,2,1,147,500,0,1,4
1,31,1,1,396,500,0,1,2
1,30,1,0,219,500,0,1,4
2,35,1,1,28,228,0,0,3
2,31,1,1,47,98,0,0,2
2,30,1,1,78,500,0,0,3
2,28,1,0,146,500,0,0,3
2,30,2,0,95,233,0,0,3
2,29,1,1,62,500,0,0,4
1,33,2,1,46,78,0,1,2
1,31,2,0,1,299,0,0,2
1,33,1,1,70,277,0,1,3
1,31,2,1,38,205,1,1,3
2,31,1,1,129,500,0,1,2
2,32,1,1,121,500,1,0,2
2,32,1,0,181,481,0,1,4
1,34,1,0,193,500,0,0,4
2,31,1,1,65,500,1,1,2
1,31,1,1,251,500,0,1,4
2,32,1,0,156,500,0,1,3
2,32,1,0,97,332,0,1,3
2,27,1,1,74,192,1,0,3
1,36,2,1,169,500,0,1,3
1,31,1,0,137,500,0,1,4
2,35,1,0,84,447,1,1,3
2,33,1,0,86,500,1,1,4
2,31,1,0,49,500,0,0,2
1,36,2,1,117,500,1,1,2
2,35,1,1,61,500,0,0,2
2,33,2,1,108,241,1,0,3
2,29,2,1,16,302,0,0,2
2,33,2,1,49,58,1,1,2
1,34,1,0,58,500,0,0,1
1,36,2,1,87,500,0,0,2
1,32,2,0,4,97,1,0,1
1,31,1,1,139,500,0,0,2
2,30,2,1,177,500,0,1,2
2,33,1,0,27,500,0,0,2
1,34,2,1,178,500,1,1,2
1,32,1,0,45,500,1,0,3
1,30,1,1,59,500,1,1,2
2,30,1,0,171,500,0,1,3
2,30,1,1,42,199,1,0,2
2,30,2,0,35,96,0,0,2
1,31,1,1,75,323,1,0,3
1,32,1,1,117,259,0,1,3
1,33,2,1,96,212,0,0,2
1,32,2,1,101,39,1,1,2
2,30,1,1,53,500,1,1,2
2,34,1,1,48,500,0,0,3
1,32,2,1,74,288,0,1,2
2,35,1,1,74,124,0,1,2
1,30,1,1,54,25,0,0,2
1,31,1,1,58,67,1,0,3
2,31,1,0,35,62,1,0,2
1,31,2,1,66,84,0,1,2
2,32,2,1,98,130,1,0,3
1,32,2,1,103,86,1,1,2
2,30,1,0,26,291,0,0,2
2,31,2,1,290,70,0,0,2
2,35,1,1,69,148,1,1,2
2,33,2,1,40,500,1,0,2
2,34,1,1,192,153,1,0,3
1,31,2,1,75,126,0,0,2
2,31,1,1,89,114,1,1,2
2,30,1,0,64,498,1,0,3
1,31,2,1,42,122,0,1,3
1,34,1,0,80,181,1,0,2
1,32,2,1,99,47,1,1,3
1,34,2,1,36,227,0,0,2
1,35,1,1,164,500,0,1,3
1,30,1,1,19,3,0,0,3
2,32,1,1,92,126,1,0,3
2,31,1,0,45,32,1,0,3
1,31,1,1,80,227,0,0,2
2,31,1,1,21,90,1,0,2
1,33,2,0,52,39,0,0,2
1,33,1,1,74,69,1,0,2
1,32,2,1,29,105,1,0,2
2,31,2,0,109,490,0,0,3
2,32,2,1,151,172,0,0,3
2,31,1,1,17,203,1,0,2
2,33,2,0,7,118,1,0,2
1,31,1,1,58,152,1,0,3
1,31,2,0,185,500,1,0,2
2,29,2,1,106,360,0,1,3
1,30,2,1,49,89,1,0,2
1,31,2,0,113,173,0,1,3
2,29,1,0,179,500,1,0,3
2,33,1,1,6,206,0,0,2
2,32,2,1,38,79,1,0,2
2,33,1,0,25,492,1,0,2
2,31,1,1,99,321,0,0,2
1,33,1,1,63,148,0,0,3
1,33,1,0,34,78,0,1,3
2,32,2,1,63,176,1,1,2
2,31,1,1,169,366,0,0,2
2,32,1,1,77,357,0,1,4
2,32,2,1,33,500,1,0,2
1,29,2,0,166,118,1,0,3
1,32,1,1,166,500,0,0,2
2,32,1,0,7,7,0,0,2
2,31,1,1,63,500,0,0,3
2,29,2,0,32,32,0,0,2
1,31,2,0,40,150,1,1,4
1,35,2,0,32,98,1,1,2
2,34,2,0,10,500,1,1,3
2,34,2,0,20,500,1,1,3
2,29,2,0,6,163,1,0,2
2,36,2,0,50,286,1,0,4
2,33,2,1,35,463,1,1,3
1,34,2,0,5,142,1,0,2
1,36,2,0,7,293,1,0,2
2,37,2,0,16,417,1,0,3
2,29,2,0,2,500,1,0,2
1,36,2,1,8,358,1,0,2
1,31,2,0,7,500,1,0,2
1,31,2,0,9,500,1,0,2
1,36,2,0,12,164,1,0,2
2,36,1,0,6,374,1,0,2
2,34,2,1,4,198,1,0,2
1,36,2,0,67,322,1,1,4
2,31,2,0,8,128,1,1,3
2,35,2,0,61,223,1,0,3
1,31,2,0,15,334,1,0,3
2,31,1,0,5,74,1,0,2
2,35,1,1,28,500,1,0,3
2,30,1,0,22,209,1,0,3
1,32,2,1,89,415,1,1,4
1,34,2,1,7,172,1,0,2
1,33,1,0,23,220,1,0,4
2,34,1,0,3,500,1,0,2
1,35,1,0,57,500,1,1,3
2,30,2,0,48,500,1,1,4
2,33,1,1,37,240,1,1,4
1,31,1,0,7,63,1,0,2
2,30,1,1,62,500,1,1,3
2,32,2,1,6,500,1,0,2
1,34,2,0,8,129,1,0,2
2,31,1,0,83,500,1,0,4
1,36,1,0,206,374,1,1,4
1,31,1,0,23,198,1,0,3
1,34,2,1,3,54,1,0,1
1,34,2,1,13,117,1,0,2
2,36,1,1,52,500,1,0,2
1,34,1,0,30,215,1,0,3
2,32,1,0,103,500,1,0,4
1,34,1,0,14,244,1,0,2
2,30,1,1,66,196,1,1,4
1,30,1,0,49,500,1,1,3
2,31,1,1,73,500,1,1,3
2,27,1,1,28,279,1,0,2
1,30,2,0,15,260,1,1,3
1,32,2,0,20,171,1,1,3
1,29,1,0,16,90,1,1,1
1,32,2,1,27,500,1,1,2
1,36,2,1,7,500,1,0,2
1,35,1,0,23,81,1,1,3
2,31,1,1,37,211,1,1,3
2,33,2,1,4,373,1,0,2
2,32,2,0,2,146,1,0,2
2,33,2,0,48,500,1,1,3
1,31,2,0,4,232,1,0,2
2,31,1,1,29,259,1,1,3
1,37,2,1,42,500,1,0,3
2,31,1,1,22,36,1,0,3
2,27,1,1,3,500,1,0,2
2,31,2,1,65,500,1,0,3
2,32,2,0,6,500,1,0,2
2,28,1,1,7,40,1,0,1
2,32,2,0,9,311,1,0,2
2,34,1,0,30,500,1,1,3
2,36,2,1,43,145,1,1,3
1,31,1,0,262,500,1,1,4
2,26,1,0,20,267,1,0,2
2,35,2,0,4,112,1,0,2
1,35,1,1,41,114,1,1,3
1,32,1,0,28,113,1,0,3
1,33,2,0,6,18,1,0,2
2,31,1,0,15,383,1,1,3
1,33,2,1,244,137,1,1,4
2,34,1,0,8,186,1,0,3
1,34,2,0,13,123,1,0,2
2,35,1,0,32,71,1,0,3
1,38,2,1,24,168,1,1,2
2,29,1,1,6,257,1,0,3
2,32,1,0,49,214,1,1,4
1,32,2,1,10,500,1,0,2
1,30,1,0,28,100,1,1,3
2,27,1,1,45,500,1,1,3
2,32,1,0,12,121,1,1,2
1,33,1,0,32,444,1,1,4
1,35,2,1,6,149,1,0,2
2,36,2,1,41,50,1,1,4
2,31,2,1,6,138,1,0,3
1,30,1,0,6,92,1,0,1
1,33,2,0,6,184,1,0,1
1,28,1,1,28,116,1,1,2
2,30,1,1,7,158,1,0,2
2,27,1,0,6,120,1,0,2
2,31,1,0,31,276,1,0,4
1,36,1,1,37,500,1,0,3
2,31,1,1,29,183,1,0,2
1,32,1,1,3,224,1,0,1
1,34,1,1,36,500,1,1,3
1,35,2,1,17,42,1,1,2
1,34,2,0,10,500,1,0,2
2,31,1,1,82,213,1,1,4
2,33,2,1,13,156,1,0,2
2,30,1,1,8,141,1,0,2
1,31,1,0,149,419,1,1,3
2,27,1,0,186,47,1,1,4
1,36,2,0,9,63,1,0,4
1,28,1,1,11,312,1,1,3
2,35,2,0,11,71,1,0,3
1,32,1,1,26,54,1,1,3
2,34,1,0,17,145,1,0,3
1,29,1,1,13,500,1,1,3
2,36,2,0,27,186,1,0,2
1,34,2,1,24,42,1,1,3
1,31,2,1,5,178,1,0,3
2,35,1,0,61,500,1,1,3
2,31,2,0,24,189,1,0,2
2,36,1,0,12,500,1,1,3
1,32,1,0,47,128,1,0,3
2,31,2,0,4,30,1,0,2
1,33,1,0,3,354,1,0,2
2,34,1,0,15,271,1,1,3
2,35,2,1,11,455,1,0,3
2,32,1,1,13,325,1,0,2
1,32,1,0,38,500,1,0,2
1,27,1,1,50,500,1,1,3
2,33,2,1,30,500,1,0,3
1,33,1,0,29,500,1,0,4
2,32,2,0,6,48,1,0,2
1,33,1,1,40,289,1,1,3
2,32,2,0,3,121,1,0,2
1,27,2,1,9,151,1,0,2
2,31,2,0,63,25,1,1,3
1,33,2,0,65,234,1,1,3
1,32,1,1,60,371,1,1,3
1,36,1,1,67,500,1,1,3
2,31,1,0,94,47,1,0,4
2,35,1,0,65,250,1,1,3
2,35,2,0,22,500,1,1,3
1,26,1,1,17,500,1,1,3
1,30,1,1,25,500,1,0,3
1,33,2,1,31,85,1,1,3
1,31,1,1,8,149,1,0,1
1,31,2,1,41,260,1,0,4
1,30,1,1,22,129,1,1,3
1,36,2,0,4,281,1,0,2
1,33,2,0,7,57,1,0,2
1,33,1,0,7,500,1,0,2
2,35,2,1,90,171,1,1,3
2,29,1,0,13,297,1,1,2
1,31,1,0,52,123,1,0,3
1,36,1,0,4,103,1,0,3
2,31,2,0,23,500,1,0,2
1,36,1,1,96,244,1,1,3
1,26,1,0,30,500,1,0,2
1,28,1,1,43,500,1,1,3
2,33,2,0,5,500,1,0,2
1,35,2,0,4,258,1,0,2
2,34,2,0,1,500,1,0,2
1,33,1,0,25,303,1,0,3
2,33,2,1,15,500,1,0,3
1,33,1,1,19,500,1,1,2
1,35,1,0,5,143,1,0,2
1,31,1,1,5,99,1,0,2
1,26,1,0,40,500,1,0,3
1,31,1,0,87,309,1,1,3
2,32,2,0,4,83,1,0,2
2,31,2,1,13,46,1,0,3
1,28,2,1,2,500,1,0,1
2,32,2,1,23,81,1,0,3
1,31,2,0,14,90,1,1,3
1,31,2,1,32,205,1,0,3
2,32,2,0,26,500,1,1,3
1,29,2,1,55,162,1,1,3
2,33,2,0,21,500,1,0,2
2,31,2,0,24,345,1,1,3
2,33,2,0,7,172,1,0,3
1,33,2,1,26,182,1,0,3
1,32,2,1,38,281,1,1,3
1,34,2,0,32,500,1,0,3
1,33,2,0,40,479,1,0,3
2,35,2,1,27,199,1,0,3
1,33,2,0,58,500,1,1,3
1,34,2,1,4,500,1,0,2
1,34,2,0,6,474,1,0,2
2,30,2,0,30,205,1,1,3
1,34,2,1,9,392,1,0,2
1,32,2,0,36,353,1,1,3
2,31,2,0,8,336,1,0,2
2,33,2,0,5,478,1,0,2
2,35,2,1,41,278,1,1,4
2,36,2,1,33,500,1,1,3
1,30,2,0,5,217,1,0,1
2,32,2,0,7,500,1,0,2
1,31,2,0,4,99,1,0,2
2,33,1,1,38,500,1,1,3
2,32,2,1,30,318,1,0,3
1,31,1,1,66,500,1,0,3
2,32,2,0,6,416,1,0,1
1,35,1,0,31,500,1,0,2
2,28,1,0,21,224,1,1,2
2,31,1,1,11,500,1,0,3
1,34,2,1,42,467,1,1,3
2,30,1,1,88,285,1,1,3
2,34,2,0,6,500,1,0,2
2,30,1,1,27,145,1,0,2
1,31,2,0,5,86,1,0,2
2,32,2,1,7,500,1,0,2
1,31,2,1,34,291,1,0,3
1,35,2,0,42,500,1,1,3
2,29,1,0,5,249,1,0,2
1,34,2,0,42,286,1,1,3
2,34,2,1,37,500,1,1,3
2,34,1,1,6,500,1,0,2
1,34,1,0,4,432,1,0,2
2,31,2,0,30,225,1,0,3
2,35,1,0,2,500,1,0,2
1,34,1,1,27,190,1,1,3
1,28,1,0,128,319,1,1,3
1,31,1,1,8,204,1,0,2
2,31,2,0,5,500,1,0,2
1,32,1,1,110,500,1,1,4
2,33,2,0,37,141,1,1,3
1,33,1,0,34,309,1,1,3
1,34,2,0,43,500,1,1,3
2,30,2,0,6,500,1,0,1
1,33,2,0,10,91,1,1,2
1,33,2,0,35,500,1,1,2
1,29,1,0,102,500,1,1,3
2,32,2,1,59,214,1,0,2
1,27,1,0,19,500,1,1,3
1,31,1,1,5,183,1,1,3
2,33,2,0,46,110,1,1,4
1,31,1,1,3,240,1,0,1
2,32,1,1,8,500,1,0,2
2,32,2,1,6,500,1,0,1
1,32,1,0,9,296,1,0,2
2,31,2,1,11,500,1,1,2
1,36,2,0,97,500,1,1,4
1,34,2,1,20,500,1,1,3
2,30,2,0,64,200,1,1,3
2,32,2,1,24,500,1,1,3
2,31,2,1,23,53,1,1,4
1,35,2,0,22,147,1,1,2
1,31,2,1,15,215,1,0,3
2,30,2,1,4,306,1,0,2
1,30,2,0,12,208,1,0,3
2,32,1,1,5,188,1,0,1
1,31,2,0,25,332,1,1,2
2,31,2,1,8,219,1,0,2
1,33,1,0,48,500,1,1,3
2,33,1,0,7,482,1,0,2
2,31,1,0,23,138,1,0,3
1,33,2,0,5,500,1,0,1
1,34,2,0,46,500,1,0,4
2,34,2,0,7,500,1,0,2
1,32,1,0,86,443,1,1,5
2,32,2,0,5,65,1,0,2
1,30,1,0,25,500,1,1,2
2,31,1,0,37,500,1,1,5
1,32,2,1,27,500,1,1,4
1,30,2,0,6,281,1,0,2
2,35,2,0,37,236,1,0,2
1,32,1,1,40,235,1,1,4
2,34,2,1,70,130,1,1,4
2,30,1,0,13,500,1,1,4
1,35,2,1,6,500,1,0,2
2,31,2,0,36,500,1,0,3
2,28,1,0,9,324,1,0,4
1,34,1,1,38,296,1,1,5
2,31,1,0,30,500,1,0,3
1,31,2,1,13,500,1,0,3
1,31,2,0,5,145,1,0,2
1,34,2,0,20,84,1,1,2
2,31,2,1,28,233,1,1,5
2,32,1,0,40,360,1,1,4
2,30,2,1,7,25,1,0,3
1,32,1,1,20,246,1,0,3
1,34,2,1,21,318,1,0,3
1,32,2,0,4,326,1,0,2
2,31,2,0,5,170,1,0,2
2,34,2,1,32,163,1,1,3
1,36,2,0,6,500,1,0,2
1,37,2,0,69,500,1,1,4
2,34,2,1,43,57,1,1,5
1,35,2,0,7,199,1,0,2
2,31,1,1,52,76,1,1,4
2,33,1,0,47,500,1,0,4
1,36,2,1,6,106,1,0,2
2,34,2,1,15,500,1,1,4
2,31,1,0,37,381,1,0,2
1,28,1,0,13,274,1,0,2
2,33,2,0,6,375,1,0,2
2,39,2,1,27,68,1,0,5
1,32,2,1,17,169,1,1,4
2,34,2,0,4,85,1,0,2
1,31,2,1,5,288,1,0,1
2,32,1,0,1,269,1,0,4
2,30,2,1,17,500,1,1,4
1,33,2,1,113,62,1,1,4
1,31,2,0,54,221,1,1,4
1,35,1,1,6,500,1,0,1
2,34,2,0,11,319,1,0,3
1,27,1,1,5,295,1,0,2
2,36,2,1,23,119,1,1,5
1,33,2,1,39,500,1,1,5
1,32,2,0,100,113,1,0,4
1,33,1,1,77,145,1,1,5
2,32,2,1,26,78,1,0,3
1,32,1,0,107,140,1,0,4
2,37,2,0,27,500,1,0,3
1,35,1,1,39,441,1,0,3
1,34,2,1,11,500,1,0,3
2,31,1,0,8,500,1,0,2
1,33,2,1,7,500,1,0,4
1,33,1,0,26,206,1,0,4
2,33,2,0,4,47,1,0,2
1,31,2,0,27,500,1,1,3
1,32,1,1,14,500,1,1,3
2,31,1,1,15,56,1,1,4
1,31,1,0,6,47,1,0,3
1,32,1,1,12,500,1,0,2
2,32,2,1,13,219,1,1,2
1,33,1,1,6,217,1,0,2
2,29,2,0,20,222,1,0,4
2,31,2,0,35,500,1,1,3
1,30,1,0,13,500,1,1,3
2,32,2,1,28,500,1,0,4
2,35,2,0,8,500,1,0,2
2,27,1,0,17,500,1,1,3
1,29,1,1,49,241,1,1,3
1,36,1,0,63,334,1,1,3
2,34,2,0,14,500,1,1,2
1,32,2,1,4,227,1,0,1
2,32,1,1,4,120,1,0,2
1,31,2,1,9,500,1,0,3
2,31,1,1,7,214,1,0,2
1,35,2,0,17,351,1,0,3
1,35,2,0,120,500,1,1,4
2,34,2,0,32,185,1,1,4
1,31,2,1,20,399,1,1,3
1,31,2,1,21,500,1,0,3
2,30,1,0,5,500,1,0,4
1,29,1,0,59,176,1,1,4
1,39,2,1,14,500,1,0,3
1,33,2,0,62,149,1,1,4
1,33,2,0,2,482,1,0,5
1,36,2,1,15,430,1,1,4
2,33,2,0,5,167,1,0,2
1,32,1,0,27,201,1,1,4
2,31,2,1,5,500,1,0,1
1,35,2,1,23,238,1,1,2
1,31,1,0,54,500,1,1,5
1,31,2,1,13,500,1,0,3
2,35,2,0,6,253,1,0,2
2,34,1,0,23,343,1,1,4
2,36,1,1,64,500,1,1,5
1,32,2,0,18,500,1,0,3
1,32,2,0,43,129,1,0,3
1,30,1,1,52,500,1,1,5
1,30,2,0,13,500,1,0,3
2,30,2,0,2,346,1,0,1
1,32,1,0,4,500,1,0,1
2,34,2,1,34,269,1,0,4
2,32,1,0,36,500,1,1,3
1,36,2,0,21,263,1,1,3
1,31,1,0,22,285,1,0,3
2,34,2,0,4,344,1,0,1
2,35,1,0,27,500,1,1,4
2,35,2,0,6,207,1,0,3
1,29,1,0,37,103,1,0,3
1,31,2,0,15,196,1,0,2
1,27,1,1,36,142,1,0,4
2,32,2,1,8,251,1,0,5
2,36,2,1,71,301,1,1,5
1,30,1,0,178,500,1,1,4
1,36,1,0,7,472,1,0,3
1,30,1,0,43,500,1,1,4
2,29,1,0,101,500,1,1,3
1,33,2,0,72,353,1,1,4
2,31,2,0,7,500,1,0,3
1,31,2,0,100,84,1,0,4
1,34,2,0,11,253,1,0,2
1,31,1,0,28,344,1,1,5
1,31,2,1,42,327,1,1,3
1,30,2,0,25,132,1,1,4
1,32,1,0,92,323,1,1,5
2,30,1,0,16,500,1,1,5
1,32,2,0,39,280,1,1,4
2,32,2,0,226,69,1,1,3
1,31,2,1,6,500,1,0,2
2,30,2,0,5,125,1,0,4
1,33,2,1,34,500,1,0,2
2,31,1,1,63,500,1,1,3
2,31,2,0,16,364,1,0,2
2,32,1,0,20,448,1,0,4
1,36,2,0,99,500,1,0,4
1,30,2,1,17,234,1,1,2
1,31,2,1,74,373,1,1,3
2,31,2,0,30,500,1,1,1
2,35,2,0,6,500,1,0,2
2,29,2,0,8,221,1,0,2
1,32,2,0,49,500,1,1,4
1,34,2,0,32,500,1,1,3
2,30,2,0,28,321,1,0,3
1,32,2,0,48,197,1,1,3
1,28,2,0,73,31,1,1,5
1,33,2,1,74,43,1,1,3
1,30,2,1,13,292,1,0,4
1,36,2,0,4,397,1,0,2
2,29,2,0,51,500,1,1,3
2,32,2,1,5,500,1,0,2
2,29,2,0,60,500,1,1,4
1,31,2,0,50,500,1,1,4
2,33,2,0,22,48,1,0,3
1,33,2,0,97,500,1,0,3
1,27,2,1,28,98,1,1,3
1,35,2,0,117,500,1,1,4
1,29,2,1,35,213,1,0,3
1,36,2,0,4,500,1,0,2
2,27,1,1,21,293,1,1,5
1,30,2,1,24,425,1,1,4
2,30,1,0,4,500,1,0,2
1,30,2,0,18,231,1,0,3
2,32,2,1,46,260,1,1,3
1,31,1,1,4,295,1,0,2
2,29,1,0,56,370,1,1,4
1,32,2,1,17,247,1,1,4
2,33,1,0,3,500,1,0,2
1,32,2,0,5,467,1,0,2
1,31,2,1,17,500,1,0,2
2,30,2,0,8,244,1,0,2
1,32,2,1,16,114,1,0,4
1,33,1,1,39,500,1,1,5
1,32,1,0,4,134,1,0,2
1,33,2,0,39,157,1,1,3
2,29,1,0,5,133,1,0,2
2,34,1,0,7,119,1,0,3
1,32,1,0,12,500,1,1,3
2,30,2,1,43,500,1,0,4
2,30,1,0,51,73,1,1,3
2,33,1,0,12,205,1,1,5
1,29,1,0,11,190,1,0,2
1,32,2,1,40,143,1,1,3
1,30,2,1,2,260,1,0,2
2,32,1,1,77,260,1,0,3
2,35,2,0,16,109,1,0,2
1,27,1,0,50,500,1,1,3
1,30,1,1,47,500,1,1,3
1,30,1,1,22,234,1,1,3
1,30,1,0,21,33,1,1,3
1,34,2,0,33,234,1,1,4
1,33,2,0,36,443,1,1,4
1,36,2,1,22,234,1,0,3
2,30,1,0,79,88,1,1,4
2,31,1,0,42,449,1,1,1
1,31,1,1,9,173,1,0,2
1,29,2,0,55,260,1,0,4
1,31,2,0,56,157,1,1,3
1,34,2,0,140,224,1,1,4
1,33,1,0,39,397,1,0,3
2,34,1,0,18,279,1,0,2
1,36,2,0,80,350,1,1,4
2,31,2,0,32,248,1,1,2
1,34,1,0,22,500,1,1,4
1,27,1,0,18,216,1,0,3
2,33,2,0,4,270,1,0,2
2,34,2,0,3,71,1,0,1
2,34,2,1,6,37,1,0,3
1,31,1,1,46,166,1,1,3
1,28,1,1,20,35,1,0,2
1,35,2,0,28,399,1,1,4
1,32,2,0,56,211,1,1,4
2,30,2,1,98,260,1,1,3
2,33,1,0,4,500,1,0,1
2,31,2,1,23,152,1,1,4
1,29,2,0,8,484,1,0,2
2,31,2,1,56,500,1,1,3
1,33,2,1,31,352,1,1,4
2,31,2,0,5,500,1,0,2
1,34,2,1,98,120,1,1,5
2,33,1,1,14,500,1,1,4
2,30,2,0,14,180,1,0,3
2,30,2,0,4,420,1,0,2
2,34,1,1,57,459,1,1,4
2,35,2,0,37,95,1,0,4
1,35,2,0,6,35,1,0,2
1,36,2,1,6,121,1,0,4
1,30,2,0,21,164,1,1,3
1,34,2,0,76,260,1,1,4
2,30,1,0,5,260,1,0,2
2,30,2,0,28,48,1,1,5
2,28,1,1,30,260,1,1,3
2,33,2,0,6,159,1,0,4
2,29,1,1,86,500,1,1,5
2,34,1,0,71,315,1,0,3
1,30,2,0,3,278,1,0,2
1,34,2,0,100,500,1,0,5
1,30,2,0,34,435,1,1,3
2,27,1,1,50,225,1,0,5
1,29,2,0,22,237,1,0,3
2,29,1,0,30,349,1,0,3
2,35,2,1,8,416,1,0,2
1,29,1,0,4,260,1,0,2
2,30,1,0,9,88,1,0,2
2,35,2,0,6,54,1,0,2
2,31,1,0,4,207,1,0,2
1,31,1,0,32,244,1,0,3
2,35,2,0,85,201,1,1,3
1,30,1,0,40,500,1,0,3
1,31,2,0,5,285,1,0,2
1,34,1,1,6,305,1,0,2
1,32,2,0,11,33,1,1,5
2,35,2,1,66,348,1,1,5
1,33,2,1,31,490,1,1,3
1,35,2,0,16,260,1,1,3
2,32,1,0,55,95,1,1,4
1,30,1,0,66,260,1,1,5
1,36,2,1,51,500,1,1,5
2,32,1,1,55,161,1,1,4
2,29,1,1,37,500,1,0,3
2,29,1,0,9,159,1,0,2
2,30,2,0,8,36,1,0,2
2,27,1,0,17,233,1,1,2
2,32,2,1,3,260,1,0,1
1,33,2,0,13,290,1,1,2
1,31,2,1,4,351,1,0,1
1,29,1,0,157,253,1,1,5
2,30,2,0,3,273,1,0,2
2,41,1,0,6,303,1,0,2
1,35,1,0,32,308,1,1,3
2,31,1,1,10,500,1,1,5
2,33,2,0,35,243,1,1,3
2,30,1,0,4,500,1,0,2
2,31,2,0,6,45,1,0,2
1,33,2,0,26,360,1,1,3
2,30,2,1,54,329,1,1,4
2,31,2,1,11,91,1,0,4
2,32,1,0,38,218,1,0,4
1,34,2,1,50,260,1,1,5
1,35,2,1,37,240,1,1,5
1,35,2,1,7,233,1,0,2
2,30,2,1,8,447,1,0,2
2,35,1,1,47,104,1,0,3
1,31,2,0,73,263,1,1,2
1,30,1,0,5,202,1,0,2
2,33,2,1,5,75,1,0,4
1,30,2,0,80,500,1,1,3
2,30,2,1,47,107,1,0,4
2,31,2,0,85,500,1,1,3
2,30,1,0,15,211,1,1,3
2,29,1,1,40,320,1,1,3
1,31,1,1,20,260,1,0,3
1,33,2,1,93,269,1,1,3
1,33,2,0,11,425,1,1,2
2,32,2,0,9,423,1,0,3
2,29,1,1,45,500,1,1,3
1,29,1,1,33,385,1,1,5
1,29,2,1,25,60,1,0,4
1,23,1,0,13,81,1,0,3
1,36,2,0,23,500,1,0,2
1,34,2,0,85,143,1,1,5
2,33,2,0,6,451,1,0,2
1,33,2,1,20,333,1,1,2
2,33,2,1,15,500,1,1,3
2,26,1,0,4,137,1,0,2
2,28,1,0,74,448,1,1,4
2,33,1,1,5,500,1,0,2
1,32,1,0,5,456,1,0,2
1,30,1,0,29,343,1,0,3
1,29,1,0,78,483,1,0,4
2,32,1,0,31,81,1,0,2
1,35,1,1,71,279,1,0,4
2,33,2,1,9,89,1,0,2
1,31,2,1,6,132,1,0,2
2,35,2,0,48,87,1,0,5
1,35,2,0,27,361,1,0,3
1,33,1,0,95,382,1,1,3
1,30,2,1,5,180,1,0,3
1,32,2,0,29,361,1,1,5
1,31,1,0,3,345,1,0,1
2,32,1,1,14,500,1,0,2
2,31,1,0,71,194,1,1,4
1,29,1,1,24,101,1,1,3
1,33,2,1,49,500,1,1,4
2,33,2,1,65,342,1,1,4
1,32,1,0,27,248,1,1,5
1,34,2,1,53,500,1,1,5
2,32,1,1,26,441,1,1,3
1,34,1,0,6,254,1,0,2
2,31,2,1,23,500,1,0,3
1,27,1,1,34,446,1,0,4
2,31,1,1,20,363,1,0,3
1,34,1,0,165,500,1,1,5
2,30,1,0,24,500,1,0,2
1,34,2,0,49,64,1,1,3
2,31,1,0,78,375,1,1,3
1,31,1,0,33,305,1,0,3
2,30,2,1,34,91,1,1,2
2,30,2,0,6,51,1,0,4
1,32,2,1,35,284,1,0,4
1,30,2,0,5,251,1,0,3
2,34,2,0,51,414,1,1,4
1,33,2,0,4,329,1,0,2
1,34,2,0,7,437,1,0,2
2,32,2,1,3,255,1,0,2
1,31,2,1,122,69,1,1,5
1,33,2,0,6,19,1,0,2
1,31,2,0,31,91,1,0,3
2,31,2,0,15,212,1,0,2
2,31,2,0,27,191,1,0,2
1,32,2,1,22,112,1,0,4
1,31,2,1,42,500,1,1,5
2,31,2,0,26,71,1,1,3
2,31,2,0,12,403,1,0,2
1,30,2,0,10,331,1,0,2
1,35,2,0,7,223,1,0,2
2,36,2,1,7,168,1,0,2
2,32,2,1,6,168,1,0,4
1,32,2,0,4,223,0,0,2
1,32,2,0,10,414,0,0,2
2,30,2,1,18,365,0,0,2
1,35,2,0,63,365,0,1,3
2,33,2,0,68,267,0,0,4
1,33,2,1,32,500,0,1,3
2,32,2,1,27,168,1,1,3
2,31,2,0,24,168,1,1,3
2,35,2,1,58,122,1,1,5
2,28,2,0,3,62,1,0,2
2,37,2,0,3,133,1,0,5
1,36,2,0,6,157,1,0,2
1,34,2,0,48,95,1,1,5
1,32,2,0,9,94,1,1,4
2,32,2,0,33,94,1,1,5
2,29,1,1,14,259,1,0,3
2,32,2,1,6,131,1,0,2
1,33,1,0,3,335,1,0,2
1,32,2,0,16,409,1,0,5
2,35,2,1,22,409,1,1,4
2,31,2,1,38,124,1,1,4
1,31,2,0,44,124,1,1,5
1,34,1,0,58,215,1,0,5
1,27,1,0,25,500,1,0,3
2,28,1,0,118,500,1,1,4
2,28,2,1,24,500,1,0,3
1,29,2,0,28,500,1,1,3
1,33,2,1,15,500,1,0,3
2,29,2,1,73,410,1,1,4
2,31,2,1,74,41,1,1,4
1,33,2,0,153,500,1,0,3
2,30,2,0,28,400,1,0,3
1,31,2,0,32,500,1,1,3
1,32,2,0,26,435,1,1,3
1,32,2,1,11,446,1,0,3
1,34,2,0,7,500,1,0,2
1,33,2,0,3,500,1,0,2
2,29,2,0,52,500,1,1,3
2,31,2,0,40,467,1,0,3
1,33,2,1,11,500,1,0,2
1,32,2,1,66,500,1,1,3
1,31,2,1,18,500,1,0,3
1,31,2,0,17,192,1,0,2
2,29,2,0,34,500,1,1,4
2,32,2,0,26,500,1,0,3
1,31,2,0,74,362,1,0,3
2,28,2,0,15,500,1,1,3
1,29,2,0,2,500,1,0,2
1,29,2,0,93,500,1,1,4
2,32,2,0,18,500,1,1,3
2,30,2,0,3,37,1,1,5
1,30,2,0,46,434,1,1,5
1,31,2,0,16,500,1,0,3
1,34,2,0,47,490,1,1,4
1,29,2,0,31,500,1,1,3
1,30,2,0,17,500,1,1,3
1,29,2,0,68,139,1,1,4
1,29,2,0,5,222,1,0,2
1,32,2,0,28,286,1,0,3
1,32,2,0,44,500,1,0,3
1,28,2,1,18,500,1,0,3
1,35,2,0,51,384,1,1,3
1,30,2,0,14,196,1,0,2
2,28,2,0,26,500,1,0,3
1,27,2,0,16,127,1,1,2
2,32,2,0,56,491,1,1,3
1,34,2,0,68,500,1,1,4
2,31,2,0,54,340,1,0,4
1,33,2,0,91,500,1,0,3
1,29,2,1,43,307,1,1,3
1,32,2,0,7,500,1,1,3
2,32,2,0,114,500,1,1,3
2,33,2,0,17,500,1,1,2
1,31,2,0,94,243,1,0,4
1,29,2,0,6,141,1,0,2
1,31,2,0,16,212,1,1,4
1,31,2,0,16,212,1,1,4
1,31,2,0,16,212,1,1,4
1,31,2,0,16,212,1,1,4
1,31,2,0,16,212,1,1,4
1,31,2,0,16,212,1,1,4
1,31,2,0,16,212,1,1,4
1,31,2,0,16,212,1,1,4
1,31,2,0,16,212,1,1,4
1,31,2,0,16,212,1,1,4
1,31,2,0,16,212,1,1,4
1,31,2,0,16,212,1,1,4
1,31,2,0,16,212,1,1,4
1,31,2,0,16,212,1,1,4
1,31,2,0,16,212,1,1,4
1,31,2,0,16,212,1,1,4
1,31,2,0,16,212,1,1,4
1,31,2,0,16,212,1,1,4
1,31,2,0,16,212,1,1,4
1,31,2,0,16,212,1,1,4
1,31,2,0,16,212,1,1,4
1,31,2,0,16,212,1,1,4
1,31,2,0,16,212,1,1,4
1,31,2,0,16,212,1,1,4
1,31,2,0,16,212,1,1,4
1,31,2,0,16,212,1,1,4
1,31,2,0,16,212,1,1,4
1,31,2,0,16,212,1,1,4
1,31,2,0,16,212,1,1,4
1,31,2,0,16,212,1,1,4
1,31,2,0,16,212,1,1,4
1,31,2,0,16,212,1,1,4
1,31,2,0,68,500,1,1,3
1,31,2,0,68,500,1,0,3
1,31,2,0,68,500,1,1,3
1,31,2,0,68,500,1,0,3
1,31,2,0,68,500,1,1,3
1,31,2,0,68,500,1,0,3
1,31,2,0,68,500,1,1,3
1,31,2,0,68,500,1,0,3
1,31,2,0,68,500,1,1,3
1,31,2,0,68,500,1,0,3
1,31,2,0,68,500,1,1,3
1,31,2,0,68,500,1,0,3
1,31,2,0,68,500,1,1,3
1,31,2,0,68,500,1,0,3
1,31,2,0,68,500,1,1,3
1,31,2,0,68,500,1,0,3
1,31,2,0,68,500,1,1,3
1,31,2,0,68,500,1,0,3
1,31,2,0,68,500,1,1,3
1,31,2,0,68,500,1,0,3
1,31,2,0,68,500,1,1,3
1,31,2,0,68,500,1,0,3
1,31,2,0,68,500,1,1,3
1,31,2,0,68,500,1,0,3
1,31,2,0,68,500,1,1,3
1,31,2,0,68,500,1,0,3
1,31,2,0,68,500,1,1,3
1,31,2,0,68,500,1,0,3
1,31,2,0,68,500,1,1,3
1,31,2,0,68,500,1,0,3
1,31,2,0,68,500,1,1,3
1,31,2,0,68,500,1,0,3
1,27,2,0,58,500,1,1,2
1,27,2,0,58,500,1,0,2
1,27,2,0,58,500,1,1,2
1,27,2,0,58,500,1,0,2
1,27,2,0,58,500,1,1,2
1,27,2,0,58,500,1,0,2
1,27,2,0,58,500,1,1,2
1,27,2,0,58,500,1,0,2
1,27,2,0,58,500,1,1,2
1,27,2,0,58,500,1,0,2
1,27,2,0,58,500,1,1,2
1,27,2,0,58,500,1,0,2
1,27,2,0,58,500,1,1,2
1,27,2,0,58,500,1,0,2
1,27,2,0,58,500,1,1,2
1,27,2,0,58,500,1,0,2
1,27,2,0,58,500,1,1,2
1,27,2,0,58,500,1,0,2
1,27,2,0,58,500,1,1,2
1,27,2,0,58,500,1,0,2
1,27,2,0,58,500,1,1,2
1,27,2,0,58,500,1,0,2
1,27,2,0,58,500,1,1,2
1,27,2,0,58,500,1,0,2
1,27,2,0,58,500,1,1,2
1,27,2,0,58,500,1,0,2
1,27,2,0,58,500,1,1,2
1,27,2,0,58,500,1,0,2
1,27,2,0,58,500,1,1,2
1,27,2,0,58,500,1,0,2
1,27,2,0,58,500,1,1,2
1,27,2,0,58,500,1,0,2
1,33,2,0,152,115,1,1,4
1,33,2,0,152,115,1,1,4
1,33,2,0,152,115,1,1,4
1,33,2,0,152,115,1,1,4
1,33,2,0,152,115,1,1,4
1,33,2,0,152,115,1,1,4
1,33,2,0,152,115,1,1,4
1,33,2,0,152,115,1,1,4
1,33,2,0,152,115,1,1,4
1,33,2,0,152,115,1,1,4
1,33,2,0,152,115,1,1,4
1,33,2,0,152,115,1,1,4
1,33,2,0,152,115,1,1,4
1,33,2,0,152,115,1,1,4
1,33,2,0,152,115,1,1,4
1,33,2,0,152,115,1,1,4
1,33,2,0,152,115,1,1,4
1,33,2,0,152,115,1,1,4
1,33,2,0,152,115,1,1,4
1,33,2,0,152,115,1,1,4
1,33,2,0,152,115,1,1,4
1,33,2,0,152,115,1,1,4
1,33,2,0,152,115,1,1,4
1,33,2,0,152,115,1,1,4
1,33,2,0,152,115,1,1,4
1,33,2,0,152,115,1,1,4
1,33,2,0,152,115,1,1,4
1,33,2,0,152,115,1,1,4
1,33,2,0,152,115,1,1,4
1,33,2,0,152,115,1,1,4
1,33,2,0,152,115,1,1,4
1,33,2,0,152,115,1,1,4
2,28,2,0,47,316,1,0,3
2,28,2,0,47,316,1,1,3
2,28,2,0,47,316,1,0,3
2,28,2,0,47,316,1,1,3
2,28,2,0,47,316,1,0,3
2,28,2,0,47,316,1,1,3
2,28,2,0,47,316,1,0,3
2,28,2,0,47,316,1,1,3
2,28,2,0,47,316,1,0,3
2,28,2,0,47,316,1,1,3
2,28,2,0,47,316,1,0,3
2,28,2,0,47,316,1,1,3
2,28,2,0,47,316,1,0,3
2,28,2,0,47,316,1,1,3
2,28,2,0,47,316,1,0,3
2,28,2,0,47,316,1,1,3
2,28,2,0,47,316,1,0,3
2,28,2,0,47,316,1,1,3
2,28,2,0,47,316,1,0,3
2,28,2,0,47,316,1,1,3
2,28,2,0,47,316,1,0,3
2,28,2,0,47,316,1,1,3
2,28,2,0,47,316,1,0,3
2,28,2,0,47,316,1,1,3
2,28,2,0,47,316,1,0,3
2,28,2,0,47,316,1,1,3
2,28,2,0,47,316,1,0,3
2,28,2,0,47,316,1,1,3
2,28,2,0,47,316,1,0,3
2,28,2,0,47,316,1,1,3
2,28,2,0,47,316,1,0,3
2,28,2,0,47,316,1,1,3
2,34,1,1,75,261,1,1,4
2,34,1,1,75,261,1,1,4
2,34,1,1,75,261,1,1,4
2,34,1,1,75,261,1,1,4
2,34,1,1,75,261,1,1,4
2,34,1,1,75,261,1,1,4
2,34,1,1,75,261,1,1,4
2,34,1,1,75,261,1,1,4
2,34,1,1,75,261,1,1,4
2,34,1,1,75,261,1,1,4
2,34,1,1,75,261,1,1,4
2,34,1,1,75,261,1,1,4
2,34,1,1,75,261,1,1,4
2,34,1,1,75,261,1,1,4
2,34,1,1,75,261,1,1,4
2,34,1,1,75,261,1,1,4
2,34,1,1,75,261,1,1,4
2,34,1,1,75,261,1,1,4
2,34,1,1,75,261,1,1,4
2,34,1,1,75,261,1,1,4
2,34,1,1,75,261,1,1,4
2,34,1,1,75,261,1,1,4
2,34,1,1,75,261,1,1,4
2,34,1,1,75,261,1,1,4
2,34,1,1,75,261,1,1,4
2,34,1,1,75,261,1,1,4
2,34,1,1,75,261,1,1,4
2,34,1,1,75,261,1,1,4
2,34,1,1,75,261,1,1,4
2,34,1,1,75,261,1,1,4
2,34,1,1,75,261,1,1,4
2,34,1,1,75,261,1,1,4
1,33,2,1,158,500,1,1,3
1,33,2,1,158,500,1,0,3
1,33,2,1,158,500,1,1,3
1,33,2,1,158,500,1,0,3
1,33,2,1,158,500,1,1,3
1,33,2,1,158,500,1,0,3
1,33,2,1,158,500,1,1,3
1,33,2,1,158,500,1,0,3
1,33,2,1,158,500,1,1,3
1,33,2,1,158,500,1,0,3
1,33,2,1,158,500,1,1,3
1,33,2,1,158,500,1,0,3
1,33,2,1,158,500,1,1,3
1,33,2,1,158,500,1,0,3
1,33,2,1,158,500,1,1,3
1,33,2,1,158,500,1,0,3
1,33,2,1,158,500,1,1,3
1,33,2,1,158,500,1,0,3
1,33,2,1,158,500,1,1,3
1,33,2,1,158,500,1,0,3
1,33,2,1,158,500,1,1,3
1,33,2,1,158,500,1,0,3
1,33,2,1,158,500,1,1,3
1,33,2,1,158,500,1,0,3
1,33,2,1,158,500,1,1,3
1,33,2,1,158,500,1,0,3
1,33,2,1,158,500,1,1,3
1,33,2,1,158,500,1,0,3
1,33,2,1,158,500,1,1,3
1,33,2,1,158,500,1,0,3
1,33,2,1,158,500,1,1,3
1,33,2,1,158,500,1,0,3
1,32,1,1,72,500,1,1,2
1,32,1,1,72,500,1,0,2
1,32,1,1,72,500,1,1,2
1,32,1,1,72,500,1,0,2
1,32,1,1,72,500,1,1,2
1,32,1,1,72,500,1,0,2
1,32,1,1,72,500,1,1,2
1,32,1,1,72,500,1,0,2
1,32,1,1,72,500,1,1,2
1,32,1,1,72,500,1,0,2
1,32,1,1,72,500,1,1,2
1,32,1,1,72,500,1,0,2
1,32,1,1,72,500,1,1,2
1,32,1,1,72,500,1,0,2
1,32,1,1,72,500,1,1,2
1,32,1,1,72,500,1,0,2
1,32,1,1,72,500,1,1,2
1,32,1,1,72,500,1,0,2
1,32,1,1,72,500,1,1,2
1,32,1,1,72,500,1,0,2
1,32,1,1,72,500,1,1,2
1,32,1,1,72,500,1,0,2
1,32,1,1,72,500,1,1,2
1,32,1,1,72,500,1,0,2
1,32,1,1,72,500,1,1,2
1,32,1,1,72,500,1,0,2
1,32,1,1,72,500,1,1,2
1,32,1,1,72,500,1,0,2
1,32,1,1,72,500,1,1,2
1,32,1,1,72,500,1,0,2
1,32,1,1,72,500,1,1,2
1,32,1,1,72,500,1,0,2
2,30,1,1,126,241,1,1,4
2,30,1,1,126,241,1,1,4
2,30,1,1,126,241,1,1,4
2,30,1,1,126,241,1,1,4
2,30,1,1,126,241,1,1,4
2,30,1,1,126,241,1,1,4
2,30,1,1,126,241,1,1,4
2,30,1,1,126,241,1,1,4
2,30,1,1,126,241,1,1,4
2,30,1,1,126,241,1,1,4
2,30,1,1,126,241,1,1,4
2,30,1,1,126,241,1,1,4
2,30,1,1,126,241,1,1,4
2,30,1,1,126,241,1,1,4
2,30,1,1,126,241,1,1,4
2,30,1,1,126,241,1,1,4
2,30,1,1,126,241,1,1,4
2,30,1,1,126,241,1,1,4
2,30,1,1,126,241,1,1,4
2,30,1,1,126,241,1,1,4
2,30,1,1,126,241,1,1,4
2,30,1,1,126,241,1,1,4
2,30,1,1,126,241,1,1,4
2,30,1,1,126,241,1,1,4
2,30,1,1,126,241,1,1,4
2,30,1,1,126,241,1,1,4
2,30,1,1,126,241,1,1,4
2,30,1,1,126,241,1,1,4
2,30,1,1,126,241,1,1,4
2,30,1,1,126,241,1,1,4
2,30,1,1,126,241,1,1,4
2,30,1,1,126,241,1,1,4
2,33,2,1,125,500,1,0,3
2,33,2,1,125,500,1,1,3
2,33,2,1,125,500,1,0,3
2,33,2,1,125,500,1,1,3
2,33,2,1,125,500,1,0,3
2,33,2,1,125,500,1,1,3
2,33,2,1,125,500,1,0,3
2,33,2,1,125,500,1,1,3
2,33,2,1,125,500,1,0,3
2,33,2,1,125,500,1,1,3
2,33,2,1,125,500,1,0,3
2,33,2,1,125,500,1,1,3
2,33,2,1,125,500,1,0,3
2,33,2,1,125,500,1,1,3
2,33,2,1,125,500,1,0,3
2,33,2,1,125,500,1,1,3
2,33,2,1,125,500,1,0,3
2,33,2,1,125,500,1,1,3
2,33,2,1,125,500,1,0,3
2,33,2,1,125,500,1,1,3
2,33,2,1,125,500,1,0,3
2,33,2,1,125,500,1,1,3
2,33,2,1,125,500,1,0,3
2,33,2,1,125,500,1,1,3
2,33,2,1,125,500,1,0,3
2,33,2,1,125,500,1,1,3
2,33,2,1,125,500,1,0,3
2,33,2,1,125,500,1,1,3
2,33,2,1,125,500,1,0,3
2,33,2,1,125,500,1,1,3
2,33,2,1,125,500,1,0,3
2,33,2,1,125,500,1,1,3
2,34,1,0,375,500,1,1,5
2,34,2,1,12,138,1,0,3
2,35,2,1,79,199,1,1,5
2,32,2,1,122,221,1,0,3
2,35,1,1,313,386,0,0,1
2,31,2,1,41,500,1,0,2
2,36,1,1,190,500,1,0,2
1,36,2,1,85,374,1,1,1
2,31,2,1,67,255,1,0,1
2,31,2,1,49,272,1,0,1
2,35,2,1,45,306,1,0,1
2,34,2,1,204,500,1,1,1
2,30,2,1,112,307,1,0,2
2,32,2,1,86,500,1,1,4
2,33,2,1,100,500,1,0,2
2,33,2,1,100,472,1,0,1
2,37,2,1,117,500,1,0,2
2,31,2,1,205,500,1,0,1
1,36,2,1,129,500,1,1,4
1,34,2,1,392,500,1,0,5
2,31,2,1,217,500,1,1,3
2,34,2,1,463,500,1,1,3
2,30,1,1,77,306,1,0,1
2,31,2,1,110,68,1,0,2
1,32,2,1,279,155,1,0,1
2,35,1,0,122,132,0,1,3
1,32,2,1,181,317,1,1,5
2,29,2,1,24,214,1,0,4
1,33,1,0,123,194,1,1,5
1,34,2,1,488,143,1,0,4
2,35,2,0,240,274,1,1,5
2,33,2,1,243,500,1,0,5
1,30,1,1,92,299,1,0,4
1,33,2,1,146,500,1,0,3
2,33,2,1,217,500,1,1,5
2,33,2,1,61,140,1,0,3
2,35,1,1,229,422,0,1,4
2,36,1,1,235,500,0,1,5
2,32,2,1,166,500,0,1,5
2,34,2,0,164,500,0,0,5
2,31,2,1,152,500,0,0,3
2,33,2,1,34,391,0,0,5
1,36,2,1,248,139,0,1,5
2,35,2,1,105,500,1,0,3
1,34,2,1,132,500,0,0,5
2,30,2,1,147,322,0,0,4
2,35,1,1,226,500,0,0,3
1,33,2,1,87,300,0,0,5
1,34,2,1,363,500,0,1,5
1,34,1,1,88,500,0,1,5
1,30,2,1,33,500,0,0,2
2,33,2,1,273,500,0,1,5
2,35,2,1,154,500,0,0,2
2,33,2,1,316,500,0,0,4
2,36,2,1,169,500,0,1,5
2,35,1,1,216,386,0,0,3
2,30,1,0,55,500,0,0,5
2,32,2,1,146,500,0,0,5
2,30,1,1,128,500,0,0,2
1,31,2,0,125,500,0,1,4
1,32,2,1,97,476,0,0,2
2,30,1,1,45,413,0,0,5
2,28,2,1,72,167,0,0,4
1,34,2,1,313,500,0,1,5
1,34,2,1,107,500,0,0,2
2,36,2,1,299,500,0,1,5
2,31,1,1,191,74,0,0,3
1,30,2,1,691,64,0,1,4
1,31,2,1,45,438,0,0,2
1,33,2,1,178,179,1,1,4
2,31,2,0,39,251,0,1,2
1,30,2,1,71,96,0,0,4
2,31,2,1,106,500,0,0,2
2,31,2,1,240,500,0,1,5
2,32,2,1,59,500,0,0,5
2,34,2,1,167,244,0,1,4
2,33,1,1,185,421,0,0,3
2,35,1,1,144,483,1,1,3
2,33,2,1,280,25,0,0,3
2,30,2,1,88,79,0,0,2
1,30,2,1,66,161,0,0,2
2,34,2,1,21,255,0,0,1
2,37,2,1,96,292,0,0,3
1,28,2,1,59,182,0,1,3
2,31,2,1,17,271,0,0,2
2,33,2,1,104,281,0,0,2
2,30,2,1,72,500,0,1,1
2,34,2,1,248,500,0,1,3
1,33,1,1,378,403,0,1,5
1,34,1,1,313,385,0,1,4
2,30,1,1,72,500,0,0,2
1,33,2,1,22,473,0,0,2
1,33,2,1,116,500,0,1,5
2,31,1,1,18,500,0,0,1
2,32,2,1,129,500,0,0,2
2,35,2,1,217,500,0,0,5
1,35,2,1,54,110,0,0,2
2,32,2,1,96,347,0,0,3
2,35,1,1,127,151,0,0,3
1,33,1,1,15,109,0,0,3
2,30,2,0,73,269,0,0,2
2,35,1,0,62,395,0,0,5
2,33,2,1,313,500,0,1,5
2,29,2,1,239,252,0,0,2
2,32,1,1,107,253,1,1,2
2,33,1,1,200,426,0,0,5
2,29,2,1,180,500,1,1,3
1,32,2,1,140,139,1,0,3
2,31,2,1,126,500,1,0,3
2,30,2,1,350,500,1,1,4
2,32,2,1,44,500,1,0,2
2,35,2,1,222,500,1,1,5
2,30,1,1,396,500,1,1,4
1,34,2,1,136,111,1,0,2
1,29,1,1,119,54,1,0,2
1,32,1,1,250,86,1,1,2
2,32,2,1,203,130,1,0,2
2,31,2,1,191,196,1,1,4
2,31,1,1,71,132,1,0,3
1,38,2,1,87,83,1,1,4
1,36,2,1,355,145,1,0,4
2,35,2,1,257,419,1,0,4
2,36,2,1,23,38,1,0,2
2,32,2,1,97,74,1,1,4
1,32,2,1,33,117,1,0,5
2,31,2,1,69,400,1,0,4
2,30,2,1,259,267,1,0,3
2,34,2,1,84,500,1,0,3
2,34,1,1,397,252,1,0,4
1,30,2,1,55,130,1,0,3
1,35,1,1,207,500,1,1,4
2,30,2,1,86,251,1,0,3
2,36,2,1,98,117,1,0,2
2,31,2,1,198,443,1,0,4
2,33,2,1,387,176,1,0,3
2,34,2,1,8,500,1,0,3
2,35,2,1,166,269,1,0,3
1,31,2,1,292,500,1,1,4
2,36,1,1,127,365,0,0,4
1,34,1,1,199,495,0,0,2
2,36,1,1,318,261,1,1,4
2,30,2,0,91,166,1,0,4
2,29,2,1,23,249,1,0,2
2,30,2,0,153,500,1,0,2
2,31,2,1,58,492,1,0,5
2,30,1,1,55,409,1,0,4
1,30,2,1,142,500,1,0,3
2,31,2,1,170,280,1,1,4
2,31,2,1,125,500,1,0,3
2,31,1,1,98,122,0,0,4
2,31,2,1,168,29,1,1,4
1,31,2,1,98,444,1,0,4
1,31,2,1,43,182,1,1,3
2,33,1,1,199,449,1,0,2
1,30,2,1,136,461,1,0,4
1,33,1,1,46,81,1,1,3
1,26,2,1,51,84,1,0,3
2,30,2,1,54,21,1,1,3
2,31,2,1,30,70,1,0,1
2,31,2,1,232,60,1,1,4
1,30,2,1,120,134,1,0,4
2,30,2,1,168,500,1,1,4
2,31,2,0,18,31,1,0,1
1,30,2,1,10,62,1,0,1
2,30,2,0,17,83,1,0,5
2,29,1,1,175,500,1,1,5
1,35,1,0,63,146,1,0,4
2,32,1,1,156,124,1,0,2
2,34,1,1,130,500,1,0,2
2,30,1,1,189,500,1,1,3
2,31,2,1,242,268,1,1,4
2,34,1,1,319,15,1,1,5
2,31,2,1,30,104,1,0,2
1,32,2,1,305,479,1,1,4
2,36,2,1,178,257,1,0,2
2,34,2,1,111,500,1,0,3
2,30,2,1,239,220,1,0,2
1,34,1,1,146,118,1,1,4
1,34,1,1,86,343,1,0,2
2,36,2,1,407,500,1,1,4
1,32,2,1,425,307,1,0,2
2,36,2,1,92,356,1,0,3
2,32,1,1,426,500,1,1,5
2,35,1,1,144,296,1,1,3
2,34,2,1,41,440,1,1,3
2,31,1,1,51,125,1,1,5
1,31,2,0,235,254,1,1,3
2,30,2,1,34,500,1,0,3
1,36,1,1,407,110,0,1,3
2,32,1,1,140,248,0,0,3
2,36,1,1,173,60,1,0,3
2,30,2,1,280,47,1,1,3
1,32,2,1,26,318,1,0,4
2,36,1,1,137,200,1,0,3
2,33,2,1,182,260,1,0,3
1,36,2,1,119,204,1,1,3
1,31,2,1,283,194,1,0,3
2,35,1,1,121,500,1,1,5
1,33,1,1,55,74,1,0,4
1,31,2,1,116,133,1,0,5
2,30,2,1,113,199,1,1,3
2,34,2,1,129,398,1,1,3
2,31,1,1,184,252,1,0,3
2,32,1,1,253,500,1,0,2
2,34,1,1,114,500,1,0,4
2,32,1,1,97,498,1,0,4
2,34,2,1,107,500,1,0,4
1,38,2,1,65,209,1,1,4
2,35,2,1,203,495,1,0,5
2,33,2,1,41,345,1,0,2
2,32,2,1,50,336,1,0,5
2,31,1,1,177,232,1,0,4
2,35,1,1,182,500,1,0,4
1,34,2,1,59,500,1,0,3
2,35,2,1,153,191,1,1,3
2,34,1,1,39,500,1,1,3
2,35,1,1,125,500,1,0,4
1,32,2,1,202,500,1,0,4
2,34,1,1,162,419,1,0,5
2,35,2,1,104,232,0,0,1
2,34,2,1,166,47,0,1,3
1,34,2,1,189,173,0,1,2
1,32,2,1,106,222,0,0,1
1,29,1,1,14,153,0,0,1
2,33,2,1,81,314,0,0,5
2,30,2,1,18,299,0,0,3
2,32,2,1,163,344,0,1,5
1,35,2,1,68,500,0,0,1
1,29,2,1,185,109,0,1,3
1,32,1,1,55,38,0,1,2
2,32,2,1,121,500,0,1,5
2,33,2,1,270,393,0,0,1
2,28,2,1,247,175,1,0,5
2,30,2,1,60,370,1,0,5
2,32,2,1,128,201,1,1,5
1,34,2,1,55,44,1,0,3
2,32,2,1,95,100,1,0,1
1,34,1,1,30,500,1,0,1
2,32,1,1,92,119,1,0,2
1,31,2,1,513,172,1,1,3
2,34,2,1,391,80,1,1,5
2,32,2,1,31,36,1,0,2
2,31,1,1,102,186,1,0,2
2,28,1,1,160,144,1,0,1
1,32,1,1,100,401,1,1,1
1,34,2,1,65,76,1,1,3
2,33,2,1,180,279,1,1,4
1,31,1,1,48,340,1,0,5
2,30,2,1,149,248,1,0,4
2,35,2,1,102,179,1,0,5
2,30,2,1,86,161,1,0,3
2,31,2,1,199,72,1,0,4
2,35,1,1,191,500,1,1,4
2,32,1,1,177,393,1,0,5
2,30,2,1,247,276,1,0,3
2,35,2,1,73,500,1,0,3
2,34,2,1,33,500,1,0,3
2,40,2,1,109,479,1,0,2
2,32,2,1,148,500,1,1,3
1,31,2,1,94,253,1,1,5
1,37,2,0,41,274,1,1,5
1,36,1,1,45,123,1,0,5
2,33,1,1,216,131,0,0,4
2,35,1,1,150,125,0,1,4
1,30,2,1,126,109,0,1,4
1,24,1,1,445,434,0,1,1
2,35,2,1,86,500,0,0,3
1,30,2,1,223,65,0,0,2
1,30,1,1,248,500,0,0,5
2,36,2,1,29,297,0,0,1
2,35,2,1,29,497,0,0,3
2,32,1,1,417,500,0,1,4
2,35,1,1,185,500,0,1,2
1,32,2,1,59,247,0,0,2
2,31,1,0,16,127,1,0,2
2,32,2,1,40,110,1,0,5
1,22,2,1,92,115,1,0,2
2,31,1,1,101,500,1,0,2
2,32,2,1,249,500,1,0,5
2,31,1,1,199,254,1,1,4
1,31,2,0,73,344,1,1,4
1,34,2,0,70,309,1,1,5
2,31,2,1,31,94,1,0,1
2,35,2,1,38,119,1,0,5
1,32,1,1,83,266,1,0,3
1,36,2,1,248,310,1,1,5
1,28,2,0,229,500,1,1,5
2,34,1,1,38,191,1,1,1
2,32,1,1,114,290,0,0,2
1,32,1,1,93,34,0,0,2
2,38,2,1,509,388,0,0,1
2,34,1,1,13,59,1,0,1
2,31,2,1,42,101,1,0,1
2,31,1,1,81,145,0,0,3
1,34,2,1,133,79,1,0,5
1,35,1,1,35,71,1,1,3
2,32,1,1,139,89,1,1,5
2,36,1,1,97,500,1,0,2
1,32,2,1,44,85,1,0,3
2,31,2,1,99,117,0,0,2
2,33,2,1,129,231,0,1,3
1,30,2,1,28,366,0,0,2
2,33,1,1,77,500,0,0,1
2,33,2,1,68,189,0,0,1
2,36,2,1,245,500,0,0,1
2,29,2,1,126,500,0,0,1
2,32,2,1,159,500,0,0,4
2,35,2,1,82,405,0,0,1
2,30,2,1,234,500,0,1,2
2,30,2,1,74,500,0,0,2
2,34,2,1,274,500,0,1,2
2,32,2,1,214,500,0,1,2
2,32,1,1,215,500,0,0,3
1,30,1,1,167,500,0,0,3
1,35,2,1,163,422,0,0,5
2,35,2,1,283,500,0,1,5
2,35,2,1,103,500,0,0,4
2,35,2,1,136,500,0,0,3
2,34,1,1,98,500,0,0,1
1,30,2,1,714,364,0,1,4
2,33,2,1,46,500,0,0,2
1,33,1,1,365,192,0,1,3
2,35,2,1,158,498,0,1,3
2,36,2,1,76,268,0,1,4
2,32,2,1,59,346,0,1,2
1,33,2,1,152,172,0,1,3
2,36,1,1,276,500,0,1,2
1,30,2,1,107,309,0,0,2
2,32,2,1,137,500,0,0,2
2,35,2,1,45,500,0,0,2
1,35,2,1,37,220,0,0,2
1,34,2,1,73,310,0,1,3
2,30,2,1,89,500,0,0,2
2,29,2,0,314,184,0,0,2
1,31,2,0,79,263,0,0,3
2,36,1,1,99,435,0,0,2
2,33,2,1,207,447,0,0,2
1,34,1,1,149,186,1,1,3
2,33,2,0,66,123,0,0,2
1,30,2,1,8,9,0,0,1
2,29,2,1,94,24,0,0,3
1,29,2,1,64,149,0,0,3
2,34,2,1,255,88,0,1,3
2,31,2,1,58,97,0,0,3
2,32,2,1,78,106,0,0,1
2,32,2,1,181,310,0,1,3
1,31,2,1,77,500,0,0,3
2,29,2,1,61,451,0,1,2
2,35,2,1,111,192,0,0,4
2,33,2,1,183,463,0,0,4
1,32,2,1,338,500,0,1,5
2,31,2,1,75,50,0,0,2
2,34,1,1,125,200,0,1,3
1,35,2,1,128,57,0,0,4
1,35,2,1,72,420,1,1,2
2,31,2,1,192,254,1,0,1
1,33,2,1,113,500,1,0,2
1,33,2,1,139,421,1,1,3
2,31,2,1,77,36,1,0,2
2,32,2,1,70,500,1,0,3
1,28,2,1,39,20,1,1,2
1,28,2,1,25,5,1,0,1
2,29,2,0,41,3,1,0,2
1,30,2,1,147,155,1,1,3
2,34,2,1,26,147,1,0,2
1,32,2,1,177,102,1,1,4
1,37,2,0,91,259,1,0,3
1,32,2,1,201,500,1,0,3
2,31,1,1,277,488,1,0,3
2,35,2,1,59,286,1,0,1
1,30,2,1,287,68,1,1,4
2,31,2,1,68,94,1,0,3
2,30,2,1,181,441,1,1,4
2,35,2,1,168,500,1,0,2
2,31,2,1,109,221,1,0,2
2,34,1,1,69,185,1,0,3
2,32,2,1,114,158,0,1,5
1,28,2,1,64,131,0,0,3
2,30,2,1,137,276,0,0,3
2,33,2,1,220,500,0,1,1
2,29,2,1,76,321,0,1,4
1,29,2,1,283,441,0,0,3
1,34,2,1,35,90,0,0,3
2,33,2,1,24,175,0,1,1
2,29,2,1,546,140,0,0,4
2,29,2,1,59,500,0,0,3
2,29,2,1,93,103,0,0,2
2,35,2,1,190,311,0,0,5
2,31,2,1,132,164,0,0,5
2,33,1,1,136,500,0,1,5
2,32,2,1,311,328,0,1,5
2,34,2,1,24,500,0,0,1
1,33,2,1,219,221,0,1,5
2,34,1,1,127,325,1,0,1
2,31,2,1,52,500,1,0,1
2,34,1,1,49,71,1,0,2
2,32,2,1,307,187,1,1,3
2,32,2,0,31,286,1,0,2
2,33,1,1,71,12,0,1,2
1,35,1,0,191,161,1,0,3
1,34,2,1,92,162,1,0,3
1,36,2,1,25,371,1,0,1
2,29,1,1,35,500,0,0,1
1,33,2,0,41,33,0,0,1
2,36,2,0,25,129,0,0,2
2,35,2,1,15,71,0,0,1
1,31,2,1,270,104,0,1,2
1,32,2,1,95,262,1,0,4
1,33,2,1,107,225,0,1,4
2,30,2,1,12,41,0,0,2
2,31,1,1,114,124,0,0,2
2,33,1,1,196,122,0,1,2
1,32,2,0,91,500,0,0,3
2,31,2,1,95,326,0,1,2
2,31,2,1,206,352,0,1,3
2,34,2,1,107,500,0,0,1
2,31,2,1,171,500,0,0,2
1,31,2,1,74,224,0,0,1
2,34,2,0,56,45,0,0,4
2,35,2,1,59,500,0,0,1
2,29,2,1,473,440,0,0,2
2,31,2,1,69,355,0,0,2
1,33,1,1,145,500,0,1,3
1,41,2,1,265,500,0,0,2
2,34,2,1,117,500,0,1,4
1,31,2,1,149,500,0,1,3
2,34,2,0,291,109,0,0,4
2,29,2,1,178,171,0,0,3
2,30,2,0,19,165,0,0,4
2,33,2,1,56,143,0,0,4
1,35,2,1,105,214,0,1,3
2,30,2,1,468,96,0,0,2
2,33,2,1,27,500,0,1,4
2,33,1,1,16,269,0,0,2
2,34,2,1,29,500,0,0,1
2,30,2,1,33,500,0,1,2
2,31,2,0,18,155,0,0,2
2,30,2,0,10,369,0,0,1
2,35,2,1,12,197,0,0,1
1,31,2,1,13,500,0,0,1
2,34,1,1,40,110,0,1,2
2,39,2,1,8,334,0,0,2
2,31,1,1,13,361,0,0,4
1,31,2,1,24,500,0,0,2
2,30,1,1,41,363,0,0,2
2,35,1,1,17,446,0,0,1
2,30,2,1,39,391,0,0,3
2,31,1,1,19,379,0,0,2
2,30,2,1,25,410,0,0,3
1,35,1,0,12,500,0,0,3
1,35,2,1,15,500,0,1,1
2,31,2,1,26,500,0,0,3
2,34,1,1,32,438,0,0,3
2,31,2,1,29,500,0,1,2
2,34,1,1,12,409,0,0,2
1,35,1,1,61,500,1,1,4
2,31,2,0,32,188,1,1,3
2,34,2,0,22,500,0,1,3
2,34,1,1,65,12,1,0,2
1,31,1,1,58,500,1,1,4
2,34,1,1,38,500,1,0,2
2,33,1,1,28,500,0,0,4
2,34,2,1,15,423,1,0,2
2,29,1,1,46,286,0,0,3
2,30,1,1,50,315,0,1,4
2,30,2,1,31,300,0,0,2
2,30,2,1,8,137,0,0,2
2,29,1,1,38,311,0,1,4
2,32,2,1,17,234,0,1,4
1,33,2,1,62,319,0,1,5
2,29,1,1,28,500,0,0,4
2,34,1,1,61,500,1,1,4
2,31,2,0,42,168,0,0,3
1,31,2,1,28,235,0,0,1
2,31,1,1,28,291,0,0,2
2,36,2,1,23,357,0,0,2
2,32,2,1,30,79,0,0,3
1,32,1,1,21,81,0,0,4
2,35,1,1,42,187,0,1,4
2,33,1,1,53,500,0,0,1
2,35,2,1,46,346,0,0,2
2,31,1,0,12,500,0,0,1
2,34,2,1,25,500,0,0,4
2,32,2,0,42,371,0,0,4
2,34,1,1,16,500,0,0,1
2,34,1,1,39,407,0,1,4
1,31,1,1,32,500,0,0,4
2,35,2,1,39,82,0,1,3
1,34,1,1,51,36,0,0,5
1,33,1,1,39,29,0,1,3
2,36,2,1,16,344,0,0,2
2,36,2,1,39,52,0,1,5
1,33,2,1,29,283,0,0,4
2,33,1,1,30,102,0,0,2
2,32,1,1,45,132,0,0,3
2,32,2,1,33,216,0,0,1
2,30,1,1,35,204,0,1,3
2,33,1,1,49,72,0,1,4
2,31,2,1,22,92,0,0,2
1,37,2,1,22,263,0,0,1
2,38,1,1,62,500,0,1,1
2,34,1,0,26,360,0,0,2
2,33,1,0,15,500,0,0,2
2,29,1,1,20,241,0,0,2
2,32,2,1,19,133,1,1,2
1,32,2,0,27,119,1,1,3
2,31,2,1,12,168,1,0,1
1,33,2,0,7,62,1,0,1
1,30,2,1,40,289,1,1,3
1,35,1,1,26,88,1,0,1
2,31,2,1,42,236,1,0,4
2,29,2,1,17,86,1,1,2
2,33,2,1,37,156,1,0,3
1,31,1,1,26,105,1,0,1
2,34,2,1,28,260,1,0,1
2,32,2,1,73,327,1,0,5
2,35,1,1,41,285,1,0,2
1,32,1,0,4,240,1,0,1
2,33,2,1,20,354,1,0,2
2,34,2,1,54,417,1,0,4
2,31,1,1,57,263,1,0,2
1,32,2,1,40,493,1,1,2
2,31,2,1,16,192,1,0,2
2,33,2,1,22,264,1,0,1
1,30,2,1,29,135,1,0,2
2,34,2,1,42,36,1,0,3
2,32,1,1,13,124,1,0,1
2,30,2,1,21,150,1,0,1
1,30,2,0,22,500,1,0,2
1,33,2,1,14,127,1,0,1
2,31,2,1,15,374,1,0,1
2,30,2,1,6,160,1,0,1
1,31,2,0,28,500,1,0,2
1,31,2,1,24,351,1,0,1
1,28,2,1,24,292,1,0,3
2,29,2,0,42,318,1,1,5
2,30,2,1,31,200,1,0,4
2,31,2,1,18,109,1,0,2
2,30,2,0,49,246,1,1,5
1,30,1,1,10,47,1,0,3
2,30,2,1,4,211,1,0,2
1,30,2,0,30,144,1,0,5
1,30,2,1,8,147,1,0,1
2,31,2,1,25,310,1,0,3
1,30,2,0,58,500,1,0,5
1,29,2,1,32,500,1,1,4
2,30,2,0,31,500,1,0,3
1,29,2,1,5,252,1,0,2
2,30,2,0,56,357,1,0,5
2,30,2,1,19,85,1,0,3
2,31,2,1,51,250,1,1,5
2,31,2,0,7,215,1,0,3
2,30,2,1,20,143,1,0,4
2,33,2,0,26,375,1,0,3
2,31,2,1,48,49,1,1,3
2,30,2,1,8,94,1,0,1
1,31,2,1,23,240,1,0,2
2,34,2,1,38,162,1,0,2
1,32,2,1,23,453,1,0,2
2,35,2,0,27,500,1,0,3
1,33,2,0,4,75,1,0,1
1,35,2,1,17,285,1,0,2
2,31,2,1,55,149,1,1,3
2,32,2,1,21,251,1,0,2
1,34,2,1,70,104,1,0,2
2,36,2,0,6,500,1,0,1
1,36,2,1,9,500,1,0,1
2,34,2,1,12,500,1,0,1
2,35,2,1,48,80,1,0,3
1,33,2,0,27,124,1,0,2
1,31,2,0,25,74,1,0,2
1,34,2,1,115,118,1,1,3
1,34,2,0,5,136,1,0,1
1,31,2,1,12,85,1,0,2
1,31,2,1,19,204,1,0,3
1,35,2,1,14,72,1,0,3
1,36,2,1,18,216,1,0,1
2,35,2,1,29,198,1,0,2
2,34,2,1,25,270,1,0,2
1,31,2,0,46,321,1,0,4
2,36,2,1,32,181,1,0,3
2,32,2,1,31,195,1,0,4
2,37,2,0,43,376,1,1,4
1,31,2,1,55,500,1,1,5
2,32,2,1,53,376,1,0,3
2,34,2,1,38,381,1,0,3
1,32,2,1,39,500,1,1,3
1,33,2,1,29,500,1,0,3
2,33,2,1,32,306,1,0,2
1,36,2,1,38,329,1,0,4
2,32,2,0,28,115,1,0,3
2,33,1,1,42,383,1,0,4
2,33,2,1,42,490,1,1,5
1,32,2,1,36,274,1,0,2
2,34,1,1,55,500,1,0,2
2,31,2,1,28,500,1,0,3
1,36,2,0,109,500,1,1,5
2,32,2,1,61,500,1,0,2
1,35,2,1,27,330,1,1,4
2,32,1,1,56,105,1,1,5
1,33,2,1,7,61,1,0,2
1,32,2,1,50,10,1,1,5
1,33,2,1,15,55,1,0,3
1,33,2,1,21,172,1,0,2
2,33,1,1,71,87,1,1,4
2,29,2,1,33,132,1,0,1
2,33,2,1,73,70,1,0,4
2,31,2,1,15,371,1,0,2
2,32,2,1,12,143,1,0,3
2,30,2,1,18,351,1,0,3
1,36,1,1,37,500,1,1,5
1,33,2,1,17,500,1,1,4
1,34,2,1,28,420,1,0,3
2,35,2,1,35,305,1,1,4
2,34,2,1,55,500,1,1,5
2,31,1,1,52,105,0,0,5
1,31,2,1,33,329,1,0,5
1,33,2,1,51,274,1,0,4
2,33,2,1,32,348,1,1,4
2,33,2,1,104,144,1,0,5
1,32,1,1,44,500,1,0,4
2,32,2,1,29,500,1,0,4
1,36,1,1,28,263,0,0,4
2,33,2,1,16,198,1,0,3
1,31,1,0,3,133,0,0,2
2,33,1,1,10,500,0,0,3
1,32,1,0,6,206,0,0,4
1,30,2,1,13,119,0,0,4
2,29,2,1,18,339,0,1,4
1,36,2,1,25,176,0,0,3
2,30,2,1,32,500,1,1,4
2,33,2,1,45,500,0,1,4
2,33,2,1,53,394,0,0,1
2,32,1,0,54,149,0,1,3
2,35,2,1,14,116,1,0,1
2,31,1,1,17,471,0,0,1
2,31,2,0,30,324,0,1,4
2,31,2,0,6,346,0,0,2
2,31,2,1,36,500,0,0,1
2,33,2,1,10,206,0,0,1
2,34,2,1,23,500,0,0,1
1,34,1,1,50,500,0,1,3
2,33,2,1,22,500,0,0,3
2,32,2,1,36,500,0,0,2
2,35,2,0,16,327,0,0,3
1,31,2,1,46,335,0,0,2
2,31,2,1,46,344,0,0,2
1,31,2,1,30,287,0,0,1
2,34,2,0,45,375,0,0,5
2,35,2,0,14,227,0,0,4
2,32,2,1,43,253,0,0,5
2,31,2,1,46,316,0,1,4
2,36,1,1,20,292,0,0,3
2,35,2,1,41,500,0,0,2
2,32,2,1,27,500,0,0,1
2,31,2,1,17,408,0,0,5
2,31,2,1,24,500,0,0,5
2,31,2,0,12,190,0,0,4
2,32,2,0,11,500,0,0,4
2,36,2,1,21,317,0,0,2
2,34,1,1,55,500,0,0,4
2,31,2,0,25,293,0,1,5
1,34,1,0,38,500,0,0,5
2,33,1,1,21,500,0,0,4
1,34,1,0,1,283,0,0,2
2,34,1,1,47,41,0,0,5
2,33,1,1,57,237,0,0,5
1,35,2,1,56,404,0,1,5
1,33,1,0,7,500,0,0,3
2,33,2,1,8,320,0,0,1
2,34,2,1,25,500,0,0,2
2,30,2,1,30,500,0,0,4
2,31,2,0,8,500,0,0,4
2,37,2,1,12,500,0,0,1
2,37,2,1,42,450,0,1,3
2,35,2,0,51,500,0,0,3
2,31,2,1,62,409,0,0,4
2,31,2,0,26,269,0,0,4
2,34,2,1,23,142,0,0,1
2,33,2,1,13,255,0,0,2
2,35,2,1,30,401,0,0,3
2,31,2,1,33,324,0,0,5
2,32,2,0,11,302,0,0,4
1,37,2,0,10,356,0,0,3
1,38,2,1,41,370,0,0,5
2,35,1,1,28,500,0,0,5
2,30,1,1,13,500,0,0,3
1,30,2,1,60,464,1,1,5